./CycleGAN_TensorFlow/input/adult2child/old/old_running326_4.csv,./CycleGAN_TensorFlow/input/adult2child/childlike/childlike_fast_punching462_4.csv
./CycleGAN_TensorFlow/input/adult2child/old/old_transitions557_2.csv,./CycleGAN_TensorFlow/input/adult2child/childlike/childlike_fast_walking202_4.csv
./CycleGAN_TensorFlow/input/adult2child/old/old_normal_walking76_2.csv,./CycleGAN_TensorFlow/input/adult2child/childlike/childlike_normal_walking109_4.csv
./CycleGAN_TensorFlow/input/adult2child/old/old_transitions571_1.csv,./CycleGAN_TensorFlow/input/adult2child/childlike/childlike_normal_walking89_3.csv
./CycleGAN_TensorFlow/input/adult2child/old/old_fast_walking218_6.csv,./CycleGAN_TensorFlow/input/adult2child/childlike/childlike_fast_punching438_3.csv
./CycleGAN_TensorFlow/input/adult2child/old/old_fast_walking191_12.csv,./CycleGAN_TensorFlow/input/adult2child/childlike/childlike_normal_walking132_2.csv
./CycleGAN_TensorFlow/input/adult2child/old/old_normal_walking52_3.csv,./CycleGAN_TensorFlow/input/adult2child/childlike/childlike_normal_walking37_5.csv
./CycleGAN_TensorFlow/input/adult2child/old/old_fast_walking165_2.csv,./CycleGAN_TensorFlow/input/adult2child/childlike/childlike_jumping355_8.csv
./CycleGAN_TensorFlow/input/adult2child/old/old_punching406_2.csv,./CycleGAN_TensorFlow/input/adult2child/childlike/childlike_jumping376_10.csv
./CycleGAN_TensorFlow/input/adult2child/old/old_normal_walking141_8.csv,./CycleGAN_TensorFlow/input/adult2child/childlike/childlike_fast_punching440_3.csv
./CycleGAN_TensorFlow/input/adult2child/old/old_normal_walking54_16.csv,./CycleGAN_TensorFlow/input/adult2child/childlike/childlike_running310_3.csv
./CycleGAN_TensorFlow/input/adult2child/old/old_punching428_8.csv,./CycleGAN_TensorFlow/input/adult2child/childlike/childlike_punching418_4.csv
./CycleGAN_TensorFlow/input/adult2child/old/old_normal_walking54_5.csv,./CycleGAN_TensorFlow/input/adult2child/childlike/childlike_fast_walking153_8.csv
./CycleGAN_TensorFlow/input/adult2child/old/old_running298_7.csv,./CycleGAN_TensorFlow/input/adult2child/childlike/childlike_fast_walking204_2.csv
./CycleGAN_TensorFlow/input/adult2child/old/old_fast_walking163_4.csv,./CycleGAN_TensorFlow/input/adult2child/childlike/childlike_kicking516_2.csv
./CycleGAN_TensorFlow/input/adult2child/old/old_running343_1.csv,./CycleGAN_TensorFlow/input/adult2child/childlike/childlike_running312_1.csv
./CycleGAN_TensorFlow/input/adult2child/old/old_kicking502_2.csv,./CycleGAN_TensorFlow/input/adult2child/childlike/childlike_fast_walking267_1.csv
./CycleGAN_TensorFlow/input/adult2child/old/old_fast_walking192_9.csv,./CycleGAN_TensorFlow/input/adult2child/childlike/childlike_kicking516_3.csv
./CycleGAN_TensorFlow/input/adult2child/old/old_fast_walking238_3.csv,./CycleGAN_TensorFlow/input/adult2child/childlike/childlike_fast_walking204_3.csv
./CycleGAN_TensorFlow/input/adult2child/old/old_fast_walking238_2.csv,./CycleGAN_TensorFlow/input/adult2child/childlike/childlike_punching418_5.csv
./CycleGAN_TensorFlow/input/adult2child/old/old_fast_walking192_8.csv,./CycleGAN_TensorFlow/input/adult2child/childlike/childlike_fast_walking153_9.csv
./CycleGAN_TensorFlow/input/adult2child/old/old_kicking502_3.csv,./CycleGAN_TensorFlow/input/adult2child/childlike/childlike_fast_punching440_2.csv
./CycleGAN_TensorFlow/input/adult2child/old/old_fast_walking163_5.csv,./CycleGAN_TensorFlow/input/adult2child/childlike/childlike_running310_2.csv
./CycleGAN_TensorFlow/input/adult2child/old/old_running298_6.csv,./CycleGAN_TensorFlow/input/adult2child/childlike/childlike_running336_1.csv
./CycleGAN_TensorFlow/input/adult2child/old/old_normal_walking54_4.csv,./CycleGAN_TensorFlow/input/adult2child/childlike/childlike_kicking514_1.csv
./CycleGAN_TensorFlow/input/adult2child/old/old_normal_walking141_9.csv,./CycleGAN_TensorFlow/input/adult2child/childlike/childlike_jumping376_11.csv
./CycleGAN_TensorFlow/input/adult2child/old/old_kicking500_1.csv,./CycleGAN_TensorFlow/input/adult2child/childlike/childlike_jumping355_9.csv
./CycleGAN_TensorFlow/input/adult2child/old/old_punching406_3.csv,./CycleGAN_TensorFlow/input/adult2child/childlike/childlike_normal_walking37_4.csv
./CycleGAN_TensorFlow/input/adult2child/old/old_fast_walking165_3.csv,./CycleGAN_TensorFlow/input/adult2child/childlike/childlike_fast_walking177_8.csv
./CycleGAN_TensorFlow/input/adult2child/old/old_normal_walking52_2.csv,./CycleGAN_TensorFlow/input/adult2child/childlike/childlike_normal_walking132_3.csv
./CycleGAN_TensorFlow/input/adult2child/old/old_normal_walking74_1.csv,./CycleGAN_TensorFlow/input/adult2child/childlike/childlike_fast_punching438_2.csv
./CycleGAN_TensorFlow/input/adult2child/old/old_fast_walking218_7.csv,./CycleGAN_TensorFlow/input/adult2child/childlike/childlike_normal_walking89_2.csv
./CycleGAN_TensorFlow/input/adult2child/old/old_normal_walking76_3.csv,./CycleGAN_TensorFlow/input/adult2child/childlike/childlike_normal_walking109_5.csv
./CycleGAN_TensorFlow/input/adult2child/old/old_transitions571_2.csv,./CycleGAN_TensorFlow/input/adult2child/childlike/childlike_fast_punching462_5.csv
./CycleGAN_TensorFlow/input/adult2child/old/old_normal_walking76_1.csv,./CycleGAN_TensorFlow/input/adult2child/childlike/childlike_fast_walking202_5.csv
./CycleGAN_TensorFlow/input/adult2child/old/old_transitions557_1.csv,./CycleGAN_TensorFlow/input/adult2child/childlike/childlike_normal_walking6_1.csv
./CycleGAN_TensorFlow/input/adult2child/old/old_fast_walking218_5.csv,./CycleGAN_TensorFlow/input/adult2child/childlike/childlike_punching396_4.csv
./CycleGAN_TensorFlow/input/adult2child/old/old_normal_walking22_9.csv,./CycleGAN_TensorFlow/input/adult2child/childlike/childlike_normal_walking6_3.csv
./CycleGAN_TensorFlow/input/adult2child/old/old_fast_walking191_11.csv,./CycleGAN_TensorFlow/input/adult2child/childlike/childlike_normal_walking109_7.csv
./CycleGAN_TensorFlow/input/adult2child/old/old_normal_walking74_3.csv,./CycleGAN_TensorFlow/input/adult2child/childlike/childlike_normal_walking132_1.csv
./CycleGAN_TensorFlow/input/adult2child/old/old_normal_walking22_20.csv,./CycleGAN_TensorFlow/input/adult2child/childlike/childlike_fast_punching460_5.csv
./CycleGAN_TensorFlow/input/adult2child/old/old_fast_walking165_1.csv,./CycleGAN_TensorFlow/input/adult2child/childlike/childlike_fast_walking151_9.csv
./CycleGAN_TensorFlow/input/adult2child/old/old_punching406_1.csv,./CycleGAN_TensorFlow/input/adult2child/childlike/childlike_normal_walking37_6.csv
./CycleGAN_TensorFlow/input/adult2child/old/old_kicking500_3.csv,./CycleGAN_TensorFlow/input/adult2child/childlike/childlike_kicking514_3.csv
./CycleGAN_TensorFlow/input/adult2child/old/old_normal_walking122_8.csv,./CycleGAN_TensorFlow/input/adult2child/childlike/childlike_running336_3.csv
./CycleGAN_TensorFlow/input/adult2child/old/old_normal_walking54_15.csv,./CycleGAN_TensorFlow/input/adult2child/childlike/childlike_fast_walking267_2.csv
./CycleGAN_TensorFlow/input/adult2child/old/old_fast_walking190_8.csv,./CycleGAN_TensorFlow/input/adult2child/childlike/childlike_fast_walking204_1.csv
./CycleGAN_TensorFlow/input/adult2child/old/old_normal_walking54_6.csv,./CycleGAN_TensorFlow/input/adult2child/childlike/childlike_kicking516_1.csv
./CycleGAN_TensorFlow/input/adult2child/old/old_running298_4.csv,./CycleGAN_TensorFlow/input/adult2child/childlike/childlike_fast_walking267_3.csv
./CycleGAN_TensorFlow/input/adult2child/old/old_fast_walking163_7.csv,./CycleGAN_TensorFlow/input/adult2child/childlike/childlike_running312_3.csv
./CycleGAN_TensorFlow/input/adult2child/old/old_kicking502_1.csv,./CycleGAN_TensorFlow/input/adult2child/childlike/childlike_punching418_6.csv
./CycleGAN_TensorFlow/input/adult2child/old/old_running343_2.csv,./CycleGAN_TensorFlow/input/adult2child/childlike/childlike_running336_2.csv
./CycleGAN_TensorFlow/input/adult2child/old/old_fast_walking238_1.csv,./CycleGAN_TensorFlow/input/adult2child/childlike/childlike_kicking514_2.csv
./CycleGAN_TensorFlow/input/adult2child/old/old_running343_3.csv,./CycleGAN_TensorFlow/input/adult2child/childlike/childlike_running310_1.csv
./CycleGAN_TensorFlow/input/adult2child/old/old_fast_walking163_6.csv,./CycleGAN_TensorFlow/input/adult2child/childlike/childlike_fast_punching440_1.csv
./CycleGAN_TensorFlow/input/adult2child/old/old_running298_5.csv,./CycleGAN_TensorFlow/input/adult2child/childlike/childlike_normal_walking37_7.csv
./CycleGAN_TensorFlow/input/adult2child/old/old_normal_walking54_7.csv,./CycleGAN_TensorFlow/input/adult2child/childlike/childlike_fast_walking151_8.csv
./CycleGAN_TensorFlow/input/adult2child/old/old_fast_walking190_9.csv,./CycleGAN_TensorFlow/input/adult2child/childlike/childlike_fast_punching460_4.csv
./CycleGAN_TensorFlow/input/adult2child/old/old_normal_walking122_9.csv,./CycleGAN_TensorFlow/input/adult2child/childlike/childlike_normal_walking89_1.csv
./CycleGAN_TensorFlow/input/adult2child/old/old_normal_walking54_14.csv,./CycleGAN_TensorFlow/input/adult2child/childlike/childlike_fast_punching438_1.csv
./CycleGAN_TensorFlow/input/adult2child/old/old_kicking500_2.csv,./CycleGAN_TensorFlow/input/adult2child/childlike/childlike_normal_walking109_6.csv
./CycleGAN_TensorFlow/input/adult2child/old/old_normal_walking22_21.csv,./CycleGAN_TensorFlow/input/adult2child/childlike/childlike_fast_walking202_6.csv
./CycleGAN_TensorFlow/input/adult2child/old/old_fast_walking191_10.csv,./CycleGAN_TensorFlow/input/adult2child/childlike/childlike_normal_walking6_2.csv
./CycleGAN_TensorFlow/input/adult2child/old/old_normal_walking74_2.csv,./CycleGAN_TensorFlow/input/adult2child/childlike/childlike_punching396_5.csv
./CycleGAN_TensorFlow/input/adult2child/old/old_normal_walking52_1.csv,./CycleGAN_TensorFlow/input/adult2child/childlike/childlike_punching396_1.csv
./CycleGAN_TensorFlow/input/adult2child/old/old_normal_walking22_8.csv,./CycleGAN_TensorFlow/input/adult2child/childlike/childlike_normal_walking8_9.csv
./CycleGAN_TensorFlow/input/adult2child/old/old_running324_4.csv,./CycleGAN_TensorFlow/input/adult2child/childlike/childlike_fast_punching462_2.csv
./CycleGAN_TensorFlow/input/adult2child/old/old_fast_walking218_4.csv,./CycleGAN_TensorFlow/input/adult2child/childlike/childlike_fast_walking202_2.csv
./CycleGAN_TensorFlow/input/adult2child/old/old_running326_2.csv,./CycleGAN_TensorFlow/input/adult2child/childlike/childlike_normal_walking6_6.csv
./CycleGAN_TensorFlow/input/adult2child/old/old_normal_walking76_4.csv,./CycleGAN_TensorFlow/input/adult2child/childlike/childlike_normal_walking89_5.csv
./CycleGAN_TensorFlow/input/adult2child/old/old_fast_walking165_4.csv,./CycleGAN_TensorFlow/input/adult2child/childlike/childlike_normal_walking109_2.csv
./CycleGAN_TensorFlow/input/adult2child/old/old_punching406_4.csv,./CycleGAN_TensorFlow/input/adult2child/childlike/childlike_jumping353_8.csv
./CycleGAN_TensorFlow/input/adult2child/old/old_normal_walking52_5.csv,./CycleGAN_TensorFlow/input/adult2child/childlike/childlike_normal_walking132_4.csv
./CycleGAN_TensorFlow/input/adult2child/old/old_normal_walking74_6.csv,./CycleGAN_TensorFlow/input/adult2child/childlike/childlike_normal_walking37_3.csv
./CycleGAN_TensorFlow/input/adult2child/old/old_normal_walking22_19.csv,./CycleGAN_TensorFlow/input/adult2child/childlike/childlike_punching418_2.csv
./CycleGAN_TensorFlow/input/adult2child/old/old_normal_walking54_10.csv,./CycleGAN_TensorFlow/input/adult2child/childlike/childlike_fast_walking204_4.csv
./CycleGAN_TensorFlow/input/adult2child/old/old_running298_1.csv,./CycleGAN_TensorFlow/input/adult2child/childlike/childlike_kicking516_5.csv
./CycleGAN_TensorFlow/input/adult2child/old/old_fast_walking163_2.csv,./CycleGAN_TensorFlow/input/adult2child/childlike/childlike_fast_walking204_5.csv
./CycleGAN_TensorFlow/input/adult2child/old/old_fast_walking193_11.csv,./CycleGAN_TensorFlow/input/adult2child/childlike/childlike_fast_walking267_6.csv
./CycleGAN_TensorFlow/input/adult2child/old/old_normal_walking54_3.csv,./CycleGAN_TensorFlow/input/adult2child/childlike/childlike_punching418_3.csv
./CycleGAN_TensorFlow/input/adult2child/old/old_kicking502_4.csv,./CycleGAN_TensorFlow/input/adult2child/childlike/childlike_normal_walking37_2.csv
./CycleGAN_TensorFlow/input/adult2child/old/old_fast_walking238_5.csv,./CycleGAN_TensorFlow/input/adult2child/childlike/childlike_fast_punching440_4.csv
./CycleGAN_TensorFlow/input/adult2child/old/old_normal_walking121_11.csv,./CycleGAN_TensorFlow/input/adult2child/childlike/childlike_normal_walking132_5.csv
./CycleGAN_TensorFlow/input/adult2child/old/old_normal_walking121_10.csv,./CycleGAN_TensorFlow/input/adult2child/childlike/childlike_jumping353_9.csv
./CycleGAN_TensorFlow/input/adult2child/old/old_fast_walking238_4.csv,./CycleGAN_TensorFlow/input/adult2child/childlike/childlike_transitions553_2.csv
./CycleGAN_TensorFlow/input/adult2child/old/old_kicking502_5.csv,./CycleGAN_TensorFlow/input/adult2child/childlike/childlike_fast_punching460_1.csv
./CycleGAN_TensorFlow/input/adult2child/old/old_fast_walking193_10.csv,./CycleGAN_TensorFlow/input/adult2child/childlike/childlike_normal_walking109_3.csv
./CycleGAN_TensorFlow/input/adult2child/old/old_normal_walking54_2.csv,./CycleGAN_TensorFlow/input/adult2child/childlike/childlike_normal_walking89_4.csv
./CycleGAN_TensorFlow/input/adult2child/old/old_fast_walking163_3.csv,./CycleGAN_TensorFlow/input/adult2child/childlike/childlike_fast_punching438_4.csv
./CycleGAN_TensorFlow/input/adult2child/old/old_normal_walking54_11.csv,./CycleGAN_TensorFlow/input/adult2child/childlike/childlike_normal_walking6_7.csv
./CycleGAN_TensorFlow/input/adult2child/old/old_normal_walking74_7.csv,./CycleGAN_TensorFlow/input/adult2child/childlike/childlike_fast_punching462_3.csv
./CycleGAN_TensorFlow/input/adult2child/old/old_normal_walking22_18.csv,./CycleGAN_TensorFlow/input/adult2child/childlike/childlike_fast_walking202_3.csv
./CycleGAN_TensorFlow/input/adult2child/old/old_normal_walking52_4.csv,./CycleGAN_TensorFlow/input/adult2child/childlike/childlike_normal_walking8_8.csv
./CycleGAN_TensorFlow/input/adult2child/old/old_punching406_5.csv,./CycleGAN_TensorFlow/input/adult2child/childlike/childlike_punching396_2.csv
./CycleGAN_TensorFlow/input/adult2child/old/old_fast_walking165_5.csv,./CycleGAN_TensorFlow/input/adult2child/childlike/childlike_fast_walking202_1.csv
./CycleGAN_TensorFlow/input/adult2child/old/old_running324_1.csv,./CycleGAN_TensorFlow/input/adult2child/childlike/childlike_fast_punching462_1.csv
./CycleGAN_TensorFlow/input/adult2child/old/old_normal_walking76_5.csv,./CycleGAN_TensorFlow/input/adult2child/childlike/childlike_normal_walking6_5.csv
./CycleGAN_TensorFlow/input/adult2child/old/old_transitions571_6.csv,./CycleGAN_TensorFlow/input/adult2child/childlike/childlike_normal_walking89_6.csv
./CycleGAN_TensorFlow/input/adult2child/old/old_fast_walking218_1.csv,./CycleGAN_TensorFlow/input/adult2child/childlike/childlike_normal_walking109_1.csv
./CycleGAN_TensorFlow/input/adult2child/old/old_running326_3.csv,./CycleGAN_TensorFlow/input/adult2child/childlike/childlike_fast_punching460_3.csv
./CycleGAN_TensorFlow/input/adult2child/old/old_normal_walking100_9.csv,./CycleGAN_TensorFlow/input/adult2child/childlike/childlike_normal_walking132_7.csv
./CycleGAN_TensorFlow/input/adult2child/old/old_running326_1.csv,./CycleGAN_TensorFlow/input/adult2child/childlike/childlike_jumping375_8.csv
./CycleGAN_TensorFlow/input/adult2child/old/old_fast_walking218_3.csv,./CycleGAN_TensorFlow/input/adult2child/childlike/childlike_jumping374_10.csv
./CycleGAN_TensorFlow/input/adult2child/old/old_normal_walking76_7.csv,./CycleGAN_TensorFlow/input/adult2child/childlike/childlike_kicking514_5.csv
./CycleGAN_TensorFlow/input/adult2child/old/old_transitions571_4.csv,./CycleGAN_TensorFlow/input/adult2child/childlike/childlike_punching418_1.csv
./CycleGAN_TensorFlow/input/adult2child/old/old_running324_3.csv,./CycleGAN_TensorFlow/input/adult2child/childlike/childlike_fast_walking267_4.csv
./CycleGAN_TensorFlow/input/adult2child/old/old_fast_walking165_7.csv,./CycleGAN_TensorFlow/input/adult2child/childlike/childlike_running312_4.csv
./CycleGAN_TensorFlow/input/adult2child/old/old_normal_walking74_5.csv,./CycleGAN_TensorFlow/input/adult2child/childlike/childlike_fast_walking267_5.csv
./CycleGAN_TensorFlow/input/adult2child/old/old_normal_walking52_6.csv,./CycleGAN_TensorFlow/input/adult2child/childlike/childlike_fast_walking204_6.csv
./CycleGAN_TensorFlow/input/adult2child/old/old_fast_walking257_8.csv,./CycleGAN_TensorFlow/input/adult2child/childlike/childlike_normal_walking37_1.csv
./CycleGAN_TensorFlow/input/adult2child/old/old_normal_walking54_13.csv,./CycleGAN_TensorFlow/input/adult2child/childlike/childlike_running336_4.csv
./CycleGAN_TensorFlow/input/adult2child/old/old_kicking500_5.csv,./CycleGAN_TensorFlow/input/adult2child/childlike/childlike_kicking514_4.csv
./CycleGAN_TensorFlow/input/adult2child/old/old_running298_2.csv,./CycleGAN_TensorFlow/input/adult2child/childlike/childlike_jumping375_9.csv
./CycleGAN_TensorFlow/input/adult2child/old/old_fast_walking163_1.csv,./CycleGAN_TensorFlow/input/adult2child/childlike/childlike_normal_walking132_6.csv
./CycleGAN_TensorFlow/input/adult2child/old/old_fast_walking193_12.csv,./CycleGAN_TensorFlow/input/adult2child/childlike/childlike_transitions553_1.csv
./CycleGAN_TensorFlow/input/adult2child/old/old_running343_4.csv,./CycleGAN_TensorFlow/input/adult2child/childlike/childlike_fast_punching460_2.csv
./CycleGAN_TensorFlow/input/adult2child/old/old_fast_walking238_6.csv,./CycleGAN_TensorFlow/input/adult2child/childlike/childlike_normal_walking89_7.csv
./CycleGAN_TensorFlow/input/adult2child/old/old_jumping385_8.csv,./CycleGAN_TensorFlow/input/adult2child/childlike/childlike_normal_walking6_4.csv
./CycleGAN_TensorFlow/input/adult2child/old/old_running343_5.csv,./CycleGAN_TensorFlow/input/adult2child/childlike/childlike_punching396_3.csv
./CycleGAN_TensorFlow/input/adult2child/old/old_normal_walking54_1.csv,./CycleGAN_TensorFlow/input/adult2child/childlike/childlike_running313_2.csv
./CycleGAN_TensorFlow/input/adult2child/old/old_kicking500_4.csv,./CycleGAN_TensorFlow/input/adult2child/childlike/childlike_fast_walking266_2.csv
./CycleGAN_TensorFlow/input/adult2child/old/old_normal_walking54_12.csv,./CycleGAN_TensorFlow/input/adult2child/childlike/childlike_kicking517_1.csv
./CycleGAN_TensorFlow/input/adult2child/old/old_normal_walking52_7.csv,./CycleGAN_TensorFlow/input/adult2child/childlike/childlike_normal_walking38_9.csv
./CycleGAN_TensorFlow/input/adult2child/old/old_normal_walking74_4.csv,./CycleGAN_TensorFlow/input/adult2child/childlike/childlike_fast_walking150_9.csv
./CycleGAN_TensorFlow/input/adult2child/old/old_punching406_6.csv,./CycleGAN_TensorFlow/input/adult2child/childlike/childlike_fast_walking178_5.csv
./CycleGAN_TensorFlow/input/adult2child/old/old_fast_walking165_6.csv,./CycleGAN_TensorFlow/input/adult2child/childlike/childlike_kicking515_3.csv
./CycleGAN_TensorFlow/input/adult2child/old/old_running324_2.csv,./CycleGAN_TensorFlow/input/adult2child/childlike/childlike_normal_walking108_7.csv
./CycleGAN_TensorFlow/input/adult2child/old/old_transitions571_5.csv,./CycleGAN_TensorFlow/input/adult2child/childlike/childlike_normal_walking37_14.csv
./CycleGAN_TensorFlow/input/adult2child/old/old_normal_walking76_6.csv,./CycleGAN_TensorFlow/input/adult2child/childlike/childlike_normal_walking5_1.csv
./CycleGAN_TensorFlow/input/adult2child/old/old_fast_walking218_2.csv,./CycleGAN_TensorFlow/input/adult2child/childlike/childlike_normal_walking133_1.csv
./CycleGAN_TensorFlow/input/adult2child/old/old_normal_walking100_8.csv,./CycleGAN_TensorFlow/input/adult2child/childlike/childlike_normal_walking7_12.csv
./CycleGAN_TensorFlow/input/adult2child/old/old_normal_walking142_9.csv,./CycleGAN_TensorFlow/input/adult2child/childlike/childlike_punching397_4.csv
./CycleGAN_TensorFlow/input/adult2child/old/old_normal_walking52_14.csv,./CycleGAN_TensorFlow/input/adult2child/childlike/childlike_normal_walking7_3.csv
./CycleGAN_TensorFlow/input/adult2child/old/old_normal_walking21_11.csv,./CycleGAN_TensorFlow/input/adult2child/childlike/childlike_normal_walking131_3.csv
./CycleGAN_TensorFlow/input/adult2child/old/old_normal_walking74_10.csv,./CycleGAN_TensorFlow/input/adult2child/childlike/childlike_fast_walking203_6.csv
./CycleGAN_TensorFlow/input/adult2child/old/old_running323_3.csv,./CycleGAN_TensorFlow/input/adult2child/childlike/childlike_normal_walking131_2.csv
./CycleGAN_TensorFlow/input/adult2child/old/old_kicking501_3.csv,./CycleGAN_TensorFlow/input/adult2child/childlike/childlike_normal_walking7_2.csv
./CycleGAN_TensorFlow/input/adult2child/old/old_fast_walking191_8.csv,./CycleGAN_TensorFlow/input/adult2child/childlike/childlike_punching397_5.csv
./CycleGAN_TensorFlow/input/adult2child/old/old_running299_4.csv,./CycleGAN_TensorFlow/input/adult2child/childlike/childlike_normal_walking7_13.csv
./CycleGAN_TensorFlow/input/adult2child/old/old_fast_walking258_1.csv,./CycleGAN_TensorFlow/input/adult2child/childlike/childlike_fast_punching461_4.csv
./CycleGAN_TensorFlow/input/adult2child/old/old_punching427_4.csv,./CycleGAN_TensorFlow/input/adult2child/childlike/childlike_fast_punching439_1.csv
./CycleGAN_TensorFlow/input/adult2child/old/old_normal_walking23_9.csv,./CycleGAN_TensorFlow/input/adult2child/childlike/childlike_normal_walking37_15.csv
./CycleGAN_TensorFlow/input/adult2child/old/old_normal_walking75_3.csv,./CycleGAN_TensorFlow/input/adult2child/childlike/childlike_normal_walking108_6.csv
./CycleGAN_TensorFlow/input/adult2child/old/old_fast_walking164_1.csv,./CycleGAN_TensorFlow/input/adult2child/childlike/childlike_kicking515_2.csv
./CycleGAN_TensorFlow/input/adult2child/old/old_punching407_1.csv,./CycleGAN_TensorFlow/input/adult2child/childlike/childlike_fast_walking178_4.csv
./CycleGAN_TensorFlow/input/adult2child/old/old_running344_4.csv,./CycleGAN_TensorFlow/input/adult2child/childlike/childlike_running311_1.csv
./CycleGAN_TensorFlow/input/adult2child/old/old_normal_walking51_2.csv,./CycleGAN_TensorFlow/input/adult2child/childlike/childlike_fast_walking150_8.csv
./CycleGAN_TensorFlow/input/adult2child/old/old_normal_walking23_14.csv,./CycleGAN_TensorFlow/input/adult2child/childlike/childlike_normal_walking38_8.csv
./CycleGAN_TensorFlow/input/adult2child/old/old_normal_walking77_1.csv,./CycleGAN_TensorFlow/input/adult2child/childlike/childlike_running313_3.csv
./CycleGAN_TensorFlow/input/adult2child/old/old_kicking499_3.csv,./CycleGAN_TensorFlow/input/adult2child/childlike/childlike_fast_walking266_3.csv
./CycleGAN_TensorFlow/input/adult2child/old/old_fast_walking166_3.csv,./CycleGAN_TensorFlow/input/adult2child/childlike/childlike_punching419_6.csv
./CycleGAN_TensorFlow/input/adult2child/old/old_fast_walking166_2.csv,./CycleGAN_TensorFlow/input/adult2child/childlike/childlike_fast_walking152_8.csv
./CycleGAN_TensorFlow/input/adult2child/old/old_kicking499_2.csv,./CycleGAN_TensorFlow/input/adult2child/childlike/childlike_punching419_4.csv
./CycleGAN_TensorFlow/input/adult2child/old/old_normal_walking51_3.csv,./CycleGAN_TensorFlow/input/adult2child/childlike/childlike_kicking517_2.csv
./CycleGAN_TensorFlow/input/adult2child/old/old_normal_walking23_15.csv,./CycleGAN_TensorFlow/input/adult2child/childlike/childlike_fast_walking266_1.csv
./CycleGAN_TensorFlow/input/adult2child/old/old_fast_walking274_8.csv,./CycleGAN_TensorFlow/input/adult2child/childlike/childlike_running313_1.csv
./CycleGAN_TensorFlow/input/adult2child/old/old_running344_5.csv,./CycleGAN_TensorFlow/input/adult2child/childlike/childlike_jumping354_8.csv
./CycleGAN_TensorFlow/input/adult2child/old/old_normal_walking75_2.csv,./CycleGAN_TensorFlow/input/adult2child/childlike/childlike_running283_8.csv
./CycleGAN_TensorFlow/input/adult2child/old/old_normal_walking23_8.csv,./CycleGAN_TensorFlow/input/adult2child/childlike/childlike_running311_3.csv
./CycleGAN_TensorFlow/input/adult2child/old/old_normal_walking53_1.csv,./CycleGAN_TensorFlow/input/adult2child/childlike/childlike_fast_walking178_6.csv
./CycleGAN_TensorFlow/input/adult2child/old/old_running325_4.csv,./CycleGAN_TensorFlow/input/adult2child/childlike/childlike_normal_walking5_14.csv
./CycleGAN_TensorFlow/input/adult2child/old/old_punching427_5.csv,./CycleGAN_TensorFlow/input/adult2child/childlike/childlike_normal_walking108_4.csv
./CycleGAN_TensorFlow/input/adult2child/old/old_running299_5.csv,./CycleGAN_TensorFlow/input/adult2child/childlike/childlike_fast_punching439_3.csv
./CycleGAN_TensorFlow/input/adult2child/old/old_fast_walking191_9.csv,./CycleGAN_TensorFlow/input/adult2child/childlike/childlike_normal_walking133_2.csv
./CycleGAN_TensorFlow/input/adult2child/old/old_running323_2.csv,./CycleGAN_TensorFlow/input/adult2child/childlike/childlike_normal_walking5_2.csv
./CycleGAN_TensorFlow/input/adult2child/old/old_fast_walking239_1.csv,./CycleGAN_TensorFlow/input/adult2child/childlike/childlike_fast_walking227_5.csv
./CycleGAN_TensorFlow/input/adult2child/old/old_transitions550_6.csv,./CycleGAN_TensorFlow/input/adult2child/childlike/childlike_normal_walking7_11.csv
./CycleGAN_TensorFlow/input/adult2child/old/old_normal_walking142_8.csv,./CycleGAN_TensorFlow/input/adult2child/childlike/childlike_jumping354_10.csv
./CycleGAN_TensorFlow/input/adult2child/old/old_normal_walking52_15.csv,./CycleGAN_TensorFlow/input/adult2child/childlike/childlike_fast_walking203_4.csv
./CycleGAN_TensorFlow/input/adult2child/old/old_fast_walking164_12.csv,./CycleGAN_TensorFlow/input/adult2child/childlike/childlike_fast_walking203_5.csv
./CycleGAN_TensorFlow/input/adult2child/old/old_normal_walking121_9.csv,./CycleGAN_TensorFlow/input/adult2child/childlike/childlike_normal_walking7_1.csv
./CycleGAN_TensorFlow/input/adult2child/old/old_fast_walking164_10.csv,./CycleGAN_TensorFlow/input/adult2child/childlike/childlike_normal_walking131_1.csv
./CycleGAN_TensorFlow/input/adult2child/old/old_fast_walking193_9.csv,./CycleGAN_TensorFlow/input/adult2child/childlike/childlike_punching397_6.csv
./CycleGAN_TensorFlow/input/adult2child/old/old_normal_walking21_12.csv,./CycleGAN_TensorFlow/input/adult2child/childlike/childlike_normal_walking7_10.csv
./CycleGAN_TensorFlow/input/adult2child/old/old_transitions550_4.csv,./CycleGAN_TensorFlow/input/adult2child/childlike/childlike_fast_walking227_4.csv
./CycleGAN_TensorFlow/input/adult2child/old/old_fast_walking239_3.csv,./CycleGAN_TensorFlow/input/adult2child/childlike/childlike_normal_walking133_3.csv
./CycleGAN_TensorFlow/input/adult2child/old/old_running297_8.csv,./CycleGAN_TensorFlow/input/adult2child/childlike/childlike_normal_walking37_16.csv
./CycleGAN_TensorFlow/input/adult2child/old/old_fast_walking258_2.csv,./CycleGAN_TensorFlow/input/adult2child/childlike/childlike_fast_punching439_2.csv
./CycleGAN_TensorFlow/input/adult2child/old/old_running299_7.csv,./CycleGAN_TensorFlow/input/adult2child/childlike/childlike_normal_walking108_5.csv
./CycleGAN_TensorFlow/input/adult2child/old/old_normal_walking53_3.csv,./CycleGAN_TensorFlow/input/adult2child/childlike/childlike_running311_2.csv
./CycleGAN_TensorFlow/input/adult2child/old/old_fast_walking164_2.csv,./CycleGAN_TensorFlow/input/adult2child/childlike/childlike_fast_walking178_7.csv
./CycleGAN_TensorFlow/input/adult2child/old/old_punching407_2.csv,./CycleGAN_TensorFlow/input/adult2child/childlike/childlike_kicking515_1.csv
./CycleGAN_TensorFlow/input/adult2child/old/old_running327_4.csv,./CycleGAN_TensorFlow/input/adult2child/childlike/childlike_jumping354_9.csv
./CycleGAN_TensorFlow/input/adult2child/old/old_normal_walking99_8.csv,./CycleGAN_TensorFlow/input/adult2child/childlike/childlike_running283_9.csv
./CycleGAN_TensorFlow/input/adult2child/old/old_normal_walking77_2.csv,./CycleGAN_TensorFlow/input/adult2child/childlike/childlike_kicking517_3.csv
./CycleGAN_TensorFlow/input/adult2child/old/old_normal_walking23_17.csv,./CycleGAN_TensorFlow/input/adult2child/childlike/childlike_punching419_5.csv
./CycleGAN_TensorFlow/input/adult2child/old/old_normal_walking21_8.csv,./CycleGAN_TensorFlow/input/adult2child/childlike/childlike_punching419_1.csv
./CycleGAN_TensorFlow/input/adult2child/old/old_normal_walking51_1.csv,./CycleGAN_TensorFlow/input/adult2child/childlike/childlike_fast_walking266_4.csv
./CycleGAN_TensorFlow/input/adult2child/old/old_kicking499_1.csv,./CycleGAN_TensorFlow/input/adult2child/childlike/childlike_kicking515_5.csv
./CycleGAN_TensorFlow/input/adult2child/old/old_fast_walking166_1.csv,./CycleGAN_TensorFlow/input/adult2child/childlike/childlike_fast_walking178_3.csv
./CycleGAN_TensorFlow/input/adult2child/old/old_normal_walking21_9.csv,./CycleGAN_TensorFlow/input/adult2child/childlike/childlike_normal_walking5_11.csv
./CycleGAN_TensorFlow/input/adult2child/old/old_normal_walking23_16.csv,./CycleGAN_TensorFlow/input/adult2child/childlike/childlike_normal_walking37_12.csv
./CycleGAN_TensorFlow/input/adult2child/old/old_normal_walking77_3.csv,./CycleGAN_TensorFlow/input/adult2child/childlike/childlike_normal_walking108_1.csv
./CycleGAN_TensorFlow/input/adult2child/old/old_normal_walking99_9.csv,./CycleGAN_TensorFlow/input/adult2child/childlike/childlike_fast_punching461_3.csv
./CycleGAN_TensorFlow/input/adult2child/old/old_punching407_3.csv,./CycleGAN_TensorFlow/input/adult2child/childlike/childlike_normal_walking7_14.csv
./CycleGAN_TensorFlow/input/adult2child/old/old_fast_walking164_3.csv,./CycleGAN_TensorFlow/input/adult2child/childlike/childlike_normal_walking133_7.csv
./CycleGAN_TensorFlow/input/adult2child/old/old_normal_walking53_2.csv,./CycleGAN_TensorFlow/input/adult2child/childlike/childlike_normal_walking5_7.csv
./CycleGAN_TensorFlow/input/adult2child/old/old_normal_walking75_1.csv,./CycleGAN_TensorFlow/input/adult2child/childlike/childlike_jumping374_8.csv
./CycleGAN_TensorFlow/input/adult2child/old/old_running299_6.csv,./CycleGAN_TensorFlow/input/adult2child/childlike/childlike_punching397_2.csv
./CycleGAN_TensorFlow/input/adult2child/old/old_punching427_6.csv,./CycleGAN_TensorFlow/input/adult2child/childlike/childlike_fast_walking203_1.csv
./CycleGAN_TensorFlow/input/adult2child/old/old_fast_walking258_3.csv,./CycleGAN_TensorFlow/input/adult2child/childlike/childlike_normal_walking131_5.csv
./CycleGAN_TensorFlow/input/adult2child/old/old_running297_9.csv,./CycleGAN_TensorFlow/input/adult2child/childlike/childlike_normal_walking7_5.csv
./CycleGAN_TensorFlow/input/adult2child/old/old_kicking501_1.csv,./CycleGAN_TensorFlow/input/adult2child/childlike/childlike_normal_walking7_4.csv
./CycleGAN_TensorFlow/input/adult2child/old/old_running323_1.csv,./CycleGAN_TensorFlow/input/adult2child/childlike/childlike_normal_walking131_4.csv
./CycleGAN_TensorFlow/input/adult2child/old/old_fast_walking239_2.csv,./CycleGAN_TensorFlow/input/adult2child/childlike/childlike_punching397_3.csv
./CycleGAN_TensorFlow/input/adult2child/old/old_fast_walking193_8.csv,./CycleGAN_TensorFlow/input/adult2child/childlike/childlike_jumping374_9.csv
./CycleGAN_TensorFlow/input/adult2child/old/old_transitions550_5.csv,./CycleGAN_TensorFlow/input/adult2child/childlike/childlike_normal_walking5_6.csv
./CycleGAN_TensorFlow/input/adult2child/old/old_normal_walking21_13.csv,./CycleGAN_TensorFlow/input/adult2child/childlike/childlike_normal_walking133_6.csv
./CycleGAN_TensorFlow/input/adult2child/old/old_fast_walking164_11.csv,./CycleGAN_TensorFlow/input/adult2child/childlike/childlike_normal_walking7_15.csv
./CycleGAN_TensorFlow/input/adult2child/old/old_normal_walking121_8.csv,./CycleGAN_TensorFlow/input/adult2child/childlike/childlike_fast_punching461_2.csv
./CycleGAN_TensorFlow/input/adult2child/old/old_normal_walking52_16.csv,./CycleGAN_TensorFlow/input/adult2child/childlike/childlike_fast_walking227_1.csv
./CycleGAN_TensorFlow/input/adult2child/old/old_normal_walking52_12.csv,./CycleGAN_TensorFlow/input/adult2child/childlike/childlike_normal_walking37_13.csv
./CycleGAN_TensorFlow/input/adult2child/old/old_fast_walking239_6.csv,./CycleGAN_TensorFlow/input/adult2child/childlike/childlike_normal_walking5_10.csv
./CycleGAN_TensorFlow/input/adult2child/old/old_normal_walking21_17.csv,./CycleGAN_TensorFlow/input/adult2child/childlike/childlike_fast_walking178_2.csv
./CycleGAN_TensorFlow/input/adult2child/old/old_transitions550_1.csv,./CycleGAN_TensorFlow/input/adult2child/childlike/childlike_kicking515_4.csv
./CycleGAN_TensorFlow/input/adult2child/old/old_kicking501_5.csv,./CycleGAN_TensorFlow/input/adult2child/childlike/childlike_fast_walking266_5.csv
./CycleGAN_TensorFlow/input/adult2child/old/old_fast_walking258_7.csv,./CycleGAN_TensorFlow/input/adult2child/childlike/childlike_punching419_2.csv
./CycleGAN_TensorFlow/input/adult2child/old/old_punching427_2.csv,./CycleGAN_TensorFlow/input/adult2child/childlike/childlike_kicking517_4.csv
./CycleGAN_TensorFlow/input/adult2child/old/old_running299_2.csv,./CycleGAN_TensorFlow/input/adult2child/childlike/childlike_normal_walking5_12.csv
./CycleGAN_TensorFlow/input/adult2child/old/old_running325_3.csv,./CycleGAN_TensorFlow/input/adult2child/childlike/childlike_normal_walking37_11.csv
./CycleGAN_TensorFlow/input/adult2child/old/old_fast_walking164_7.csv,./CycleGAN_TensorFlow/input/adult2child/childlike/childlike_normal_walking108_2.csv
./CycleGAN_TensorFlow/input/adult2child/old/old_normal_walking75_5.csv,./CycleGAN_TensorFlow/input/adult2child/childlike/childlike_normal_walking7_17.csv
./CycleGAN_TensorFlow/input/adult2child/old/old_normal_walking53_6.csv,./CycleGAN_TensorFlow/input/adult2child/childlike/childlike_fast_walking227_3.csv
./CycleGAN_TensorFlow/input/adult2child/old/old_fast_walking166_10.csv,./CycleGAN_TensorFlow/input/adult2child/childlike/childlike_normal_walking5_4.csv
./CycleGAN_TensorFlow/input/adult2child/old/old_running327_1.csv,./CycleGAN_TensorFlow/input/adult2child/childlike/childlike_normal_walking133_4.csv
./CycleGAN_TensorFlow/input/adult2child/old/old_running344_2.csv,./CycleGAN_TensorFlow/input/adult2child/childlike/childlike_running285_8.csv
./CycleGAN_TensorFlow/input/adult2child/old/old_fast_walking166_5.csv,./CycleGAN_TensorFlow/input/adult2child/childlike/childlike_punching397_1.csv
./CycleGAN_TensorFlow/input/adult2child/old/old_kicking499_5.csv,./CycleGAN_TensorFlow/input/adult2child/childlike/childlike_fast_walking203_2.csv
./CycleGAN_TensorFlow/input/adult2child/old/old_normal_walking77_7.csv,./CycleGAN_TensorFlow/input/adult2child/childlike/childlike_jumping376_9.csv
./CycleGAN_TensorFlow/input/adult2child/old/old_normal_walking51_4.csv,./CycleGAN_TensorFlow/input/adult2child/childlike/childlike_normal_walking7_6.csv
./CycleGAN_TensorFlow/input/adult2child/old/old_normal_walking23_12.csv,./CycleGAN_TensorFlow/input/adult2child/childlike/childlike_normal_walking131_6.csv
./CycleGAN_TensorFlow/input/adult2child/old/old_normal_walking51_5.csv,./CycleGAN_TensorFlow/input/adult2child/childlike/childlike_normal_walking131_7.csv
./CycleGAN_TensorFlow/input/adult2child/old/old_normal_walking23_13.csv,./CycleGAN_TensorFlow/input/adult2child/childlike/childlike_normal_walking7_7.csv
./CycleGAN_TensorFlow/input/adult2child/old/old_normal_walking77_6.csv,./CycleGAN_TensorFlow/input/adult2child/childlike/childlike_jumping376_8.csv
./CycleGAN_TensorFlow/input/adult2child/old/old_kicking499_4.csv,./CycleGAN_TensorFlow/input/adult2child/childlike/childlike_normal_walking133_5.csv
./CycleGAN_TensorFlow/input/adult2child/old/old_fast_walking166_4.csv,./CycleGAN_TensorFlow/input/adult2child/childlike/childlike_running285_9.csv
./CycleGAN_TensorFlow/input/adult2child/old/old_running344_3.csv,./CycleGAN_TensorFlow/input/adult2child/childlike/childlike_normal_walking5_5.csv
./CycleGAN_TensorFlow/input/adult2child/old/old_fast_walking166_11.csv,./CycleGAN_TensorFlow/input/adult2child/childlike/childlike_fast_walking227_2.csv
./CycleGAN_TensorFlow/input/adult2child/old/old_normal_walking53_7.csv,./CycleGAN_TensorFlow/input/adult2child/childlike/childlike_normal_walking7_16.csv
./CycleGAN_TensorFlow/input/adult2child/old/old_normal_walking75_4.csv,./CycleGAN_TensorFlow/input/adult2child/childlike/childlike_fast_punching461_1.csv
./CycleGAN_TensorFlow/input/adult2child/old/old_punching407_6.csv,./CycleGAN_TensorFlow/input/adult2child/childlike/childlike_normal_walking108_3.csv
./CycleGAN_TensorFlow/input/adult2child/old/old_fast_walking164_6.csv,./CycleGAN_TensorFlow/input/adult2child/childlike/childlike_normal_walking37_10.csv
./CycleGAN_TensorFlow/input/adult2child/old/old_running325_2.csv,./CycleGAN_TensorFlow/input/adult2child/childlike/childlike_fast_punching439_4.csv
./CycleGAN_TensorFlow/input/adult2child/old/old_running299_3.csv,./CycleGAN_TensorFlow/input/adult2child/childlike/childlike_running311_4.csv
./CycleGAN_TensorFlow/input/adult2child/old/old_punching427_3.csv,./CycleGAN_TensorFlow/input/adult2child/childlike/childlike_normal_walking5_13.csv
./CycleGAN_TensorFlow/input/adult2child/old/old_fast_walking258_6.csv,./CycleGAN_TensorFlow/input/adult2child/childlike/childlike_fast_walking178_1.csv
./CycleGAN_TensorFlow/input/adult2child/old/old_kicking501_4.csv,./CycleGAN_TensorFlow/input/adult2child/childlike/childlike_fast_walking266_6.csv
./CycleGAN_TensorFlow/input/adult2child/old/old_running323_4.csv,./CycleGAN_TensorFlow/input/adult2child/childlike/childlike_fast_walking152_2.csv
./CycleGAN_TensorFlow/input/adult2child/old/old_normal_walking21_16.csv,./CycleGAN_TensorFlow/input/adult2child/childlike/childlike_punching417_1.csv
./CycleGAN_TensorFlow/input/adult2child/old/old_fast_walking239_7.csv,./CycleGAN_TensorFlow/input/adult2child/childlike/childlike_kicking485_3.csv
./CycleGAN_TensorFlow/input/adult2child/old/old_jumping384_8.csv,./CycleGAN_TensorFlow/input/adult2child/childlike/childlike_jumping354_2.csv
./CycleGAN_TensorFlow/input/adult2child/old/old_normal_walking52_13.csv,./CycleGAN_TensorFlow/input/adult2child/childlike/childlike_running283_2.csv
./CycleGAN_TensorFlow/input/adult2child/old/old_normal_walking52_11.csv,./CycleGAN_TensorFlow/input/adult2child/childlike/childlike_running285_4.csv
./CycleGAN_TensorFlow/input/adult2child/old/old_fast_walking239_5.csv,./CycleGAN_TensorFlow/input/adult2child/childlike/childlike_jumping374_7.csv
./CycleGAN_TensorFlow/input/adult2child/old/old_normal_walking21_14.csv,./CycleGAN_TensorFlow/input/adult2child/childlike/childlike_normal_walking5_8.csv
./CycleGAN_TensorFlow/input/adult2child/old/old_transitions550_2.csv,./CycleGAN_TensorFlow/input/adult2child/childlike/childlike_fast_walking248_1.csv
./CycleGAN_TensorFlow/input/adult2child/old/old_jumping386_8.csv,./CycleGAN_TensorFlow/input/adult2child/childlike/childlike_normal_walking64_1.csv
./CycleGAN_TensorFlow/input/adult2child/old/old_running299_1.csv,./CycleGAN_TensorFlow/input/adult2child/childlike/childlike_jumping376_5.csv
./CycleGAN_TensorFlow/input/adult2child/old/old_fast_walking258_4.csv,./CycleGAN_TensorFlow/input/adult2child/childlike/childlike_kicking483_5.csv
./CycleGAN_TensorFlow/input/adult2child/old/old_punching427_1.csv,./CycleGAN_TensorFlow/input/adult2child/childlike/childlike_jumping376_4.csv
./CycleGAN_TensorFlow/input/adult2child/old/old_fast_walking164_4.csv,./CycleGAN_TensorFlow/input/adult2child/childlike/childlike_kicking483_4.csv
./CycleGAN_TensorFlow/input/adult2child/old/old_punching407_4.csv,./CycleGAN_TensorFlow/input/adult2child/childlike/childlike_normal_walking5_9.csv
./CycleGAN_TensorFlow/input/adult2child/old/old_normal_walking53_5.csv,./CycleGAN_TensorFlow/input/adult2child/childlike/childlike_jumping374_6.csv
./CycleGAN_TensorFlow/input/adult2child/old/old_normal_walking75_6.csv,./CycleGAN_TensorFlow/input/adult2child/childlike/childlike_transitions541_4.csv
./CycleGAN_TensorFlow/input/adult2child/old/old_running344_1.csv,./CycleGAN_TensorFlow/input/adult2child/childlike/childlike_running285_5.csv
./CycleGAN_TensorFlow/input/adult2child/old/old_running327_2.csv,./CycleGAN_TensorFlow/input/adult2child/childlike/childlike_fast_walking229_1.csv
./CycleGAN_TensorFlow/input/adult2child/old/old_fast_walking166_6.csv,./CycleGAN_TensorFlow/input/adult2child/childlike/childlike_jumping354_3.csv
./CycleGAN_TensorFlow/input/adult2child/old/old_normal_walking23_11.csv,./CycleGAN_TensorFlow/input/adult2child/childlike/childlike_running283_3.csv
./CycleGAN_TensorFlow/input/adult2child/old/old_normal_walking51_7.csv,./CycleGAN_TensorFlow/input/adult2child/childlike/childlike_normal_walking38_1.csv
./CycleGAN_TensorFlow/input/adult2child/old/old_normal_walking77_4.csv,./CycleGAN_TensorFlow/input/adult2child/childlike/childlike_fast_walking150_1.csv
./CycleGAN_TensorFlow/input/adult2child/old/old_normal_walking77_5.csv,./CycleGAN_TensorFlow/input/adult2child/childlike/childlike_kicking485_2.csv
./CycleGAN_TensorFlow/input/adult2child/old/old_normal_walking23_10.csv,./CycleGAN_TensorFlow/input/adult2child/childlike/childlike_fast_walking152_3.csv
./CycleGAN_TensorFlow/input/adult2child/old/old_normal_walking51_6.csv,./CycleGAN_TensorFlow/input/adult2child/childlike/childlike_fast_walking152_1.csv
./CycleGAN_TensorFlow/input/adult2child/old/old_fast_walking166_7.csv,./CycleGAN_TensorFlow/input/adult2child/childlike/childlike_punching417_2.csv
./CycleGAN_TensorFlow/input/adult2child/old/old_running327_3.csv,./CycleGAN_TensorFlow/input/adult2child/childlike/childlike_fast_walking150_3.csv
./CycleGAN_TensorFlow/input/adult2child/old/old_fast_walking166_12.csv,./CycleGAN_TensorFlow/input/adult2child/childlike/childlike_normal_walking38_3.csv
./CycleGAN_TensorFlow/input/adult2child/old/old_normal_walking75_7.csv,./CycleGAN_TensorFlow/input/adult2child/childlike/childlike_running283_1.csv
./CycleGAN_TensorFlow/input/adult2child/old/old_normal_walking53_4.csv,./CycleGAN_TensorFlow/input/adult2child/childlike/childlike_jumping354_1.csv
./CycleGAN_TensorFlow/input/adult2child/old/old_punching407_5.csv,./CycleGAN_TensorFlow/input/adult2child/childlike/childlike_fast_walking229_3.csv
./CycleGAN_TensorFlow/input/adult2child/old/old_fast_walking164_5.csv,./CycleGAN_TensorFlow/input/adult2child/childlike/childlike_jumping374_4.csv
./CycleGAN_TensorFlow/input/adult2child/old/old_running325_1.csv,./CycleGAN_TensorFlow/input/adult2child/childlike/childlike_running285_7.csv
./CycleGAN_TensorFlow/input/adult2child/old/old_fast_walking258_5.csv,./CycleGAN_TensorFlow/input/adult2child/childlike/childlike_fast_walking248_2.csv
./CycleGAN_TensorFlow/input/adult2child/old/old_transitions550_3.csv,./CycleGAN_TensorFlow/input/adult2child/childlike/childlike_normal_walking7_9.csv
./CycleGAN_TensorFlow/input/adult2child/old/old_normal_walking21_15.csv,./CycleGAN_TensorFlow/input/adult2child/childlike/childlike_jumping376_6.csv
./CycleGAN_TensorFlow/input/adult2child/old/old_fast_walking239_4.csv,./CycleGAN_TensorFlow/input/adult2child/childlike/childlike_normal_walking64_2.csv
./CycleGAN_TensorFlow/input/adult2child/old/old_normal_walking52_10.csv,./CycleGAN_TensorFlow/input/adult2child/childlike/childlike_normal_walking64_3.csv
./CycleGAN_TensorFlow/input/adult2child/old/old_fast_walking237_6.csv,./CycleGAN_TensorFlow/input/adult2child/childlike/childlike_jumping376_7.csv
./CycleGAN_TensorFlow/input/adult2child/old/old_jumping364_3.csv,./CycleGAN_TensorFlow/input/adult2child/childlike/childlike_normal_walking7_8.csv
./CycleGAN_TensorFlow/input/adult2child/old/old_normal_walking121_3.csv,./CycleGAN_TensorFlow/input/adult2child/childlike/childlike_fast_walking248_3.csv
./CycleGAN_TensorFlow/input/adult2child/old/old_jumping384_6.csv,./CycleGAN_TensorFlow/input/adult2child/childlike/childlike_running285_6.csv
./CycleGAN_TensorFlow/input/adult2child/old/old_fast_walking193_3.csv,./CycleGAN_TensorFlow/input/adult2child/childlike/childlike_jumping374_5.csv
./CycleGAN_TensorFlow/input/adult2child/old/old_normal_walking21_18.csv,./CycleGAN_TensorFlow/input/adult2child/childlike/childlike_running283_10.csv
./CycleGAN_TensorFlow/input/adult2child/old/old_running297_2.csv,./CycleGAN_TensorFlow/input/adult2child/childlike/childlike_fast_walking229_2.csv
./CycleGAN_TensorFlow/input/adult2child/old/old_punching429_2.csv,./CycleGAN_TensorFlow/input/adult2child/childlike/childlike_normal_walking38_2.csv
./CycleGAN_TensorFlow/input/adult2child/old/old_jumping386_4.csv,./CycleGAN_TensorFlow/input/adult2child/childlike/childlike_fast_walking150_2.csv
./CycleGAN_TensorFlow/input/adult2child/old/old_fast_walking191_1.csv,./CycleGAN_TensorFlow/input/adult2child/childlike/childlike_kicking485_1.csv
./CycleGAN_TensorFlow/input/adult2child/old/old_fast_walking215_1.csv,./CycleGAN_TensorFlow/input/adult2child/childlike/childlike_punching417_3.csv
./CycleGAN_TensorFlow/input/adult2child/old/old_kicking532_5.csv,./CycleGAN_TensorFlow/input/adult2child/childlike/childlike_fast_walking152_4.csv
./CycleGAN_TensorFlow/input/adult2child/old/old_fast_walking164_8.csv,./CycleGAN_TensorFlow/input/adult2child/childlike/childlike_kicking485_5.csv
./CycleGAN_TensorFlow/input/adult2child/old/old_normal_walking122_10.csv,./CycleGAN_TensorFlow/input/adult2child/childlike/childlike_normal_walking38_6.csv
./CycleGAN_TensorFlow/input/adult2child/old/old_normal_walking53_9.csv,./CycleGAN_TensorFlow/input/adult2child/childlike/childlike_fast_walking150_6.csv
./CycleGAN_TensorFlow/input/adult2child/old/old_normal_walking141_10.csv,./CycleGAN_TensorFlow/input/adult2child/childlike/childlike_jumping354_4.csv
./CycleGAN_TensorFlow/input/adult2child/old/old_normal_walking99_2.csv,./CycleGAN_TensorFlow/input/adult2child/childlike/childlike_running283_4.csv
./CycleGAN_TensorFlow/input/adult2child/old/old_fast_walking217_3.csv,./CycleGAN_TensorFlow/input/adult2child/childlike/childlike_normal_walking108_8.csv
./CycleGAN_TensorFlow/input/adult2child/old/old_normal_walking23_21.csv,./CycleGAN_TensorFlow/input/adult2child/childlike/childlike_fast_walking229_6.csv
./CycleGAN_TensorFlow/input/adult2child/old/old_normal_walking77_8.csv,./CycleGAN_TensorFlow/input/adult2child/childlike/childlike_transitions541_3.csv
./CycleGAN_TensorFlow/input/adult2child/old/old_normal_walking21_2.csv,./CycleGAN_TensorFlow/input/adult2child/childlike/childlike_jumping374_1.csv
./CycleGAN_TensorFlow/input/adult2child/old/old_fast_walking190_10.csv,./CycleGAN_TensorFlow/input/adult2child/childlike/childlike_running285_2.csv
./CycleGAN_TensorFlow/input/adult2child/old/old_transitions545_2.csv,./CycleGAN_TensorFlow/input/adult2child/childlike/childlike_jumping376_3.csv
./CycleGAN_TensorFlow/input/adult2child/old/old_transitions545_3.csv,./CycleGAN_TensorFlow/input/adult2child/childlike/childlike_kicking483_3.csv
./CycleGAN_TensorFlow/input/adult2child/old/old_fast_walking190_11.csv,./CycleGAN_TensorFlow/input/adult2child/childlike/childlike_normal_walking64_7.csv
./CycleGAN_TensorFlow/input/adult2child/old/old_normal_walking21_3.csv,./CycleGAN_TensorFlow/input/adult2child/childlike/childlike_jumping375_11.csv
./CycleGAN_TensorFlow/input/adult2child/old/old_normal_walking77_9.csv,./CycleGAN_TensorFlow/input/adult2child/childlike/childlike_normal_walking64_6.csv
./CycleGAN_TensorFlow/input/adult2child/old/old_normal_walking23_20.csv,./CycleGAN_TensorFlow/input/adult2child/childlike/childlike_jumping375_10.csv
./CycleGAN_TensorFlow/input/adult2child/old/old_fast_walking274_1.csv,./CycleGAN_TensorFlow/input/adult2child/childlike/childlike_jumping376_2.csv
./CycleGAN_TensorFlow/input/adult2child/old/old_normal_walking99_3.csv,./CycleGAN_TensorFlow/input/adult2child/childlike/childlike_kicking483_2.csv
./CycleGAN_TensorFlow/input/adult2child/old/old_fast_walking217_2.csv,./CycleGAN_TensorFlow/input/adult2child/childlike/childlike_fast_walking248_6.csv
./CycleGAN_TensorFlow/input/adult2child/old/old_normal_walking23_1.csv,./CycleGAN_TensorFlow/input/adult2child/childlike/childlike_running285_3.csv
./CycleGAN_TensorFlow/input/adult2child/old/old_normal_walking122_11.csv,./CycleGAN_TensorFlow/input/adult2child/childlike/childlike_transitions541_2.csv
./CycleGAN_TensorFlow/input/adult2child/old/old_fast_walking164_9.csv,./CycleGAN_TensorFlow/input/adult2child/childlike/childlike_jumping354_5.csv
./CycleGAN_TensorFlow/input/adult2child/old/old_kicking532_4.csv,./CycleGAN_TensorFlow/input/adult2child/childlike/childlike_running283_5.csv
./CycleGAN_TensorFlow/input/adult2child/old/old_jumping386_5.csv,./CycleGAN_TensorFlow/input/adult2child/childlike/childlike_fast_walking150_7.csv
./CycleGAN_TensorFlow/input/adult2child/old/old_punching429_3.csv,./CycleGAN_TensorFlow/input/adult2child/childlike/childlike_normal_walking38_7.csv
./CycleGAN_TensorFlow/input/adult2child/old/old_running297_3.csv,./CycleGAN_TensorFlow/input/adult2child/childlike/childlike_kicking485_4.csv
./CycleGAN_TensorFlow/input/adult2child/old/old_fast_walking193_2.csv,./CycleGAN_TensorFlow/input/adult2child/childlike/childlike_fast_walking152_5.csv
./CycleGAN_TensorFlow/input/adult2child/old/old_normal_walking21_19.csv,./CycleGAN_TensorFlow/input/adult2child/childlike/childlike_fast_walking152_7.csv
./CycleGAN_TensorFlow/input/adult2child/old/old_jumping384_7.csv,./CycleGAN_TensorFlow/input/adult2child/childlike/childlike_punching417_4.csv
./CycleGAN_TensorFlow/input/adult2child/old/old_fast_walking163_12.csv,./CycleGAN_TensorFlow/input/adult2child/childlike/childlike_normal_walking38_5.csv
./CycleGAN_TensorFlow/input/adult2child/old/old_normal_walking121_2.csv,./CycleGAN_TensorFlow/input/adult2child/childlike/childlike_fast_walking150_5.csv
./CycleGAN_TensorFlow/input/adult2child/old/old_jumping364_2.csv,./CycleGAN_TensorFlow/input/adult2child/childlike/childlike_running283_7.csv
./CycleGAN_TensorFlow/input/adult2child/old/old_fast_walking237_7.csv,./CycleGAN_TensorFlow/input/adult2child/childlike/childlike_jumping354_7.csv
./CycleGAN_TensorFlow/input/adult2child/old/old_normal_walking142_1.csv,./CycleGAN_TensorFlow/input/adult2child/childlike/childlike_fast_walking229_5.csv
./CycleGAN_TensorFlow/input/adult2child/old/old_normal_walking142_3.csv,./CycleGAN_TensorFlow/input/adult2child/childlike/childlike_running285_1.csv
./CycleGAN_TensorFlow/input/adult2child/old/old_fast_walking237_5.csv,./CycleGAN_TensorFlow/input/adult2child/childlike/childlike_jumping374_2.csv
./CycleGAN_TensorFlow/input/adult2child/old/old_jumping384_5.csv,./CycleGAN_TensorFlow/input/adult2child/childlike/childlike_fast_walking248_4.csv
./CycleGAN_TensorFlow/input/adult2child/old/old_punching429_1.csv,./CycleGAN_TensorFlow/input/adult2child/childlike/childlike_normal_walking64_4.csv
./CycleGAN_TensorFlow/input/adult2child/old/old_running297_1.csv,./CycleGAN_TensorFlow/input/adult2child/childlike/childlike_kicking483_1.csv
./CycleGAN_TensorFlow/input/adult2child/old/old_jumping386_7.csv,./CycleGAN_TensorFlow/input/adult2child/childlike/childlike_jumping376_1.csv
./CycleGAN_TensorFlow/input/adult2child/old/old_fast_walking191_2.csv,./CycleGAN_TensorFlow/input/adult2child/childlike/childlike_normal_walking64_5.csv
./CycleGAN_TensorFlow/input/adult2child/old/old_fast_walking215_2.csv,./CycleGAN_TensorFlow/input/adult2child/childlike/childlike_fast_walking248_5.csv
./CycleGAN_TensorFlow/input/adult2child/old/old_running297_11.csv,./CycleGAN_TensorFlow/input/adult2child/childlike/childlike_jumping374_3.csv
./CycleGAN_TensorFlow/input/adult2child/old/old_kicking532_6.csv,./CycleGAN_TensorFlow/input/adult2child/childlike/childlike_transitions541_1.csv
./CycleGAN_TensorFlow/input/adult2child/old/old_normal_walking23_3.csv,./CycleGAN_TensorFlow/input/adult2child/childlike/childlike_fast_walking229_4.csv
./CycleGAN_TensorFlow/input/adult2child/old/old_normal_walking75_9.csv,./CycleGAN_TensorFlow/input/adult2child/childlike/childlike_fast_walking178_8.csv
./CycleGAN_TensorFlow/input/adult2child/old/old_fast_walking274_3.csv,./CycleGAN_TensorFlow/input/adult2child/childlike/childlike_running283_6.csv
./CycleGAN_TensorFlow/input/adult2child/old/old_normal_walking99_1.csv,./CycleGAN_TensorFlow/input/adult2child/childlike/childlike_jumping354_6.csv
./CycleGAN_TensorFlow/input/adult2child/old/old_kicking530_4.csv,./CycleGAN_TensorFlow/input/adult2child/childlike/childlike_fast_walking150_4.csv
./CycleGAN_TensorFlow/input/adult2child/old/old_normal_walking23_22.csv,./CycleGAN_TensorFlow/input/adult2child/childlike/childlike_normal_walking38_4.csv
./CycleGAN_TensorFlow/input/adult2child/old/old_fast_walking166_9.csv,./CycleGAN_TensorFlow/input/adult2child/childlike/childlike_punching417_5.csv
./CycleGAN_TensorFlow/input/adult2child/old/old_normal_walking51_8.csv,./CycleGAN_TensorFlow/input/adult2child/childlike/childlike_fast_walking152_6.csv
./CycleGAN_TensorFlow/input/adult2child/old/old_normal_walking21_1.csv,./CycleGAN_TensorFlow/input/adult2child/childlike/childlike_fast_walking249_2.csv
./CycleGAN_TensorFlow/input/adult2child/old/old_transitions545_1.csv,./CycleGAN_TensorFlow/input/adult2child/childlike/childlike_normal_walking38_13.csv
./CycleGAN_TensorFlow/input/adult2child/old/old_normal_walking51_9.csv,./CycleGAN_TensorFlow/input/adult2child/childlike/childlike_running285_10.csv
./CycleGAN_TensorFlow/input/adult2child/old/old_fast_walking190_12.csv,./CycleGAN_TensorFlow/input/adult2child/childlike/childlike_normal_walking8_6.csv
./CycleGAN_TensorFlow/input/adult2child/old/old_fast_walking166_8.csv,./CycleGAN_TensorFlow/input/adult2child/childlike/childlike_punching398_1.csv
./CycleGAN_TensorFlow/input/adult2child/old/old_kicking530_5.csv,./CycleGAN_TensorFlow/input/adult2child/childlike/childlike_normal_walking6_10.csv
./CycleGAN_TensorFlow/input/adult2child/old/old_fast_walking217_1.csv,./CycleGAN_TensorFlow/input/adult2child/childlike/childlike_normal_walking6_9.csv
./CycleGAN_TensorFlow/input/adult2child/old/old_fast_walking274_2.csv,./CycleGAN_TensorFlow/input/adult2child/childlike/childlike_fast_walking228_3.csv
./CycleGAN_TensorFlow/input/adult2child/old/old_normal_walking75_8.csv,./CycleGAN_TensorFlow/input/adult2child/childlike/childlike_jumping375_4.csv
./CycleGAN_TensorFlow/input/adult2child/old/old_normal_walking23_2.csv,./CycleGAN_TensorFlow/input/adult2child/childlike/childlike_jumping353_7.csv
./CycleGAN_TensorFlow/input/adult2child/old/old_running297_10.csv,./CycleGAN_TensorFlow/input/adult2child/childlike/childlike_running284_7.csv
./CycleGAN_TensorFlow/input/adult2child/old/old_fast_walking215_3.csv,./CycleGAN_TensorFlow/input/adult2child/childlike/childlike_fast_walking151_3.csv
./CycleGAN_TensorFlow/input/adult2child/old/old_fast_walking191_3.csv,./CycleGAN_TensorFlow/input/adult2child/childlike/childlike_jumping355_1.csv
./CycleGAN_TensorFlow/input/adult2child/old/old_jumping386_6.csv,./CycleGAN_TensorFlow/input/adult2child/childlike/childlike_running282_1.csv
./CycleGAN_TensorFlow/input/adult2child/old/old_fast_walking193_1.csv,./CycleGAN_TensorFlow/input/adult2child/childlike/childlike_kicking486_2.csv
./CycleGAN_TensorFlow/input/adult2child/old/old_jumping384_4.csv,./CycleGAN_TensorFlow/input/adult2child/childlike/childlike_fast_walking153_1.csv
./CycleGAN_TensorFlow/input/adult2child/old/old_normal_walking142_2.csv,./CycleGAN_TensorFlow/input/adult2child/childlike/childlike_normal_walking63_4.csv
./CycleGAN_TensorFlow/input/adult2child/old/old_fast_walking237_4.csv,./CycleGAN_TensorFlow/input/adult2child/childlike/childlike_transitions562_1.csv
./CycleGAN_TensorFlow/input/adult2child/old/old_normal_walking121_1.csv,./CycleGAN_TensorFlow/input/adult2child/childlike/childlike_kicking484_1.csv
./CycleGAN_TensorFlow/input/adult2child/old/old_jumping364_1.csv,./CycleGAN_TensorFlow/input/adult2child/childlike/childlike_normal_walking63_5.csv
./CycleGAN_TensorFlow/input/adult2child/old/old_fast_walking163_11.csv,./CycleGAN_TensorFlow/input/adult2child/childlike/childlike_fast_walking153_12.csv
./CycleGAN_TensorFlow/input/adult2child/old/old_jumping364_5.csv,./CycleGAN_TensorFlow/input/adult2child/childlike/childlike_kicking486_3.csv
./CycleGAN_TensorFlow/input/adult2child/old/old_normal_walking121_5.csv,./CycleGAN_TensorFlow/input/adult2child/childlike/childlike_fast_walking177_1.csv
./CycleGAN_TensorFlow/input/adult2child/old/old_normal_walking142_6.csv,./CycleGAN_TensorFlow/input/adult2child/childlike/childlike_fast_walking151_2.csv
./CycleGAN_TensorFlow/input/adult2child/old/old_fast_walking193_5.csv,./CycleGAN_TensorFlow/input/adult2child/childlike/childlike_jumping353_6.csv
./CycleGAN_TensorFlow/input/adult2child/old/old_normal_walking21_22.csv,./CycleGAN_TensorFlow/input/adult2child/childlike/childlike_running284_6.csv
./CycleGAN_TensorFlow/input/adult2child/old/old_jumping386_2.csv,./CycleGAN_TensorFlow/input/adult2child/childlike/childlike_jumping375_5.csv
./CycleGAN_TensorFlow/input/adult2child/old/old_punching429_4.csv,./CycleGAN_TensorFlow/input/adult2child/childlike/childlike_jumping355_10.csv
./CycleGAN_TensorFlow/input/adult2child/old/old_running297_4.csv,./CycleGAN_TensorFlow/input/adult2child/childlike/childlike_fast_walking228_2.csv
./CycleGAN_TensorFlow/input/adult2child/old/old_fast_walking191_7.csv,./CycleGAN_TensorFlow/input/adult2child/childlike/childlike_normal_walking6_8.csv
./CycleGAN_TensorFlow/input/adult2child/old/old_kicking532_3.csv,./CycleGAN_TensorFlow/input/adult2child/childlike/childlike_normal_walking8_14.csv
./CycleGAN_TensorFlow/input/adult2child/old/old_running299_11.csv,./CycleGAN_TensorFlow/input/adult2child/childlike/childlike_normal_walking6_11.csv
./CycleGAN_TensorFlow/input/adult2child/old/old_fast_walking215_7.csv,./CycleGAN_TensorFlow/input/adult2child/childlike/childlike_normal_walking8_7.csv
./CycleGAN_TensorFlow/input/adult2child/old/old_normal_walking23_6.csv,./CycleGAN_TensorFlow/input/adult2child/childlike/childlike_normal_walking38_12.csv
./CycleGAN_TensorFlow/input/adult2child/old/old_transitions558_1.csv,./CycleGAN_TensorFlow/input/adult2child/childlike/childlike_fast_walking249_3.csv
./CycleGAN_TensorFlow/input/adult2child/old/old_kicking530_1.csv,./CycleGAN_TensorFlow/input/adult2child/childlike/childlike_fast_walking249_1.csv
./CycleGAN_TensorFlow/input/adult2child/old/old_fast_walking274_6.csv,./CycleGAN_TensorFlow/input/adult2child/childlike/childlike_normal_walking8_5.csv
./CycleGAN_TensorFlow/input/adult2child/old/old_normal_walking99_4.csv,./CycleGAN_TensorFlow/input/adult2child/childlike/childlike_normal_walking38_10.csv
./CycleGAN_TensorFlow/input/adult2child/old/old_fast_walking217_5.csv,./CycleGAN_TensorFlow/input/adult2child/childlike/childlike_normal_walking6_13.csv
./CycleGAN_TensorFlow/input/adult2child/old/old_normal_walking21_4.csv,./CycleGAN_TensorFlow/input/adult2child/childlike/childlike_punching398_2.csv
./CycleGAN_TensorFlow/input/adult2child/old/old_transitions545_4.csv,./CycleGAN_TensorFlow/input/adult2child/childlike/childlike_running284_4.csv
./CycleGAN_TensorFlow/input/adult2child/old/old_transitions545_5.csv,./CycleGAN_TensorFlow/input/adult2child/childlike/childlike_jumping353_4.csv
./CycleGAN_TensorFlow/input/adult2child/old/old_normal_walking21_5.csv,./CycleGAN_TensorFlow/input/adult2child/childlike/childlike_jumping375_7.csv
./CycleGAN_TensorFlow/input/adult2child/old/old_normal_walking99_5.csv,./CycleGAN_TensorFlow/input/adult2child/childlike/childlike_fast_walking177_3.csv
./CycleGAN_TensorFlow/input/adult2child/old/old_fast_walking217_4.csv,./CycleGAN_TensorFlow/input/adult2child/childlike/childlike_kicking486_1.csv
./CycleGAN_TensorFlow/input/adult2child/old/old_fast_walking274_7.csv,./CycleGAN_TensorFlow/input/adult2child/childlike/childlike_running282_2.csv
./CycleGAN_TensorFlow/input/adult2child/old/old_normal_walking23_7.csv,./CycleGAN_TensorFlow/input/adult2child/childlike/childlike_fast_walking153_2.csv
./CycleGAN_TensorFlow/input/adult2child/old/old_fast_walking215_6.csv,./CycleGAN_TensorFlow/input/adult2child/childlike/childlike_fast_walking153_10.csv
./CycleGAN_TensorFlow/input/adult2child/old/old_running299_10.csv,./CycleGAN_TensorFlow/input/adult2child/childlike/childlike_kicking484_3.csv
./CycleGAN_TensorFlow/input/adult2child/old/old_kicking532_2.csv,./CycleGAN_TensorFlow/input/adult2child/childlike/childlike_transitions562_2.csv
./CycleGAN_TensorFlow/input/adult2child/old/old_fast_walking191_6.csv,./CycleGAN_TensorFlow/input/adult2child/childlike/childlike_normal_walking63_7.csv
./CycleGAN_TensorFlow/input/adult2child/old/old_running297_5.csv,./CycleGAN_TensorFlow/input/adult2child/childlike/childlike_normal_walking63_6.csv
./CycleGAN_TensorFlow/input/adult2child/old/old_punching429_5.csv,./CycleGAN_TensorFlow/input/adult2child/childlike/childlike_kicking484_2.csv
./CycleGAN_TensorFlow/input/adult2child/old/old_jumping386_3.csv,./CycleGAN_TensorFlow/input/adult2child/childlike/childlike_fast_walking153_11.csv
./CycleGAN_TensorFlow/input/adult2child/old/old_normal_walking21_23.csv,./CycleGAN_TensorFlow/input/adult2child/childlike/childlike_fast_walking153_3.csv
./CycleGAN_TensorFlow/input/adult2child/old/old_fast_walking193_4.csv,./CycleGAN_TensorFlow/input/adult2child/childlike/childlike_running282_3.csv
./CycleGAN_TensorFlow/input/adult2child/old/old_fast_walking192_12.csv,./CycleGAN_TensorFlow/input/adult2child/childlike/childlike_jumping355_3.csv
./CycleGAN_TensorFlow/input/adult2child/old/old_fast_walking237_1.csv,./CycleGAN_TensorFlow/input/adult2child/childlike/childlike_fast_walking151_1.csv
./CycleGAN_TensorFlow/input/adult2child/old/old_normal_walking142_7.csv,./CycleGAN_TensorFlow/input/adult2child/childlike/childlike_fast_walking177_2.csv
./CycleGAN_TensorFlow/input/adult2child/old/old_normal_walking121_4.csv,./CycleGAN_TensorFlow/input/adult2child/childlike/childlike_jumping375_6.csv
./CycleGAN_TensorFlow/input/adult2child/old/old_jumping364_4.csv,./CycleGAN_TensorFlow/input/adult2child/childlike/childlike_running284_5.csv
./CycleGAN_TensorFlow/input/adult2child/old/old_jumping384_1.csv,./CycleGAN_TensorFlow/input/adult2child/childlike/childlike_jumping353_5.csv
./CycleGAN_TensorFlow/input/adult2child/old/old_jumping384_3.csv,./CycleGAN_TensorFlow/input/adult2child/childlike/childlike_fast_walking228_1.csv
./CycleGAN_TensorFlow/input/adult2child/old/old_normal_walking142_5.csv,./CycleGAN_TensorFlow/input/adult2child/childlike/childlike_punching398_3.csv
./CycleGAN_TensorFlow/input/adult2child/old/old_fast_walking237_3.csv,./CycleGAN_TensorFlow/input/adult2child/childlike/childlike_normal_walking6_12.csv
./CycleGAN_TensorFlow/input/adult2child/old/old_jumping364_6.csv,./CycleGAN_TensorFlow/input/adult2child/childlike/childlike_normal_walking38_11.csv
./CycleGAN_TensorFlow/input/adult2child/old/old_normal_walking121_6.csv,./CycleGAN_TensorFlow/input/adult2child/childlike/childlike_normal_walking8_4.csv
./CycleGAN_TensorFlow/input/adult2child/old/old_fast_walking192_10.csv,./CycleGAN_TensorFlow/input/adult2child/childlike/childlike_normal_walking38_15.csv
./CycleGAN_TensorFlow/input/adult2child/old/old_fast_walking193_6.csv,./CycleGAN_TensorFlow/input/adult2child/childlike/childlike_fast_walking249_4.csv
./CycleGAN_TensorFlow/input/adult2child/old/old_normal_walking21_21.csv,./CycleGAN_TensorFlow/input/adult2child/childlike/childlike_normal_walking8_13.csv
./CycleGAN_TensorFlow/input/adult2child/old/old_jumping386_1.csv,./CycleGAN_TensorFlow/input/adult2child/childlike/childlike_fast_walking228_5.csv
./CycleGAN_TensorFlow/input/adult2child/old/old_running297_7.csv,./CycleGAN_TensorFlow/input/adult2child/childlike/childlike_jumping353_1.csv
./CycleGAN_TensorFlow/input/adult2child/old/old_fast_walking191_4.csv,./CycleGAN_TensorFlow/input/adult2child/childlike/childlike_running284_1.csv
./CycleGAN_TensorFlow/input/adult2child/old/old_running299_8.csv,./CycleGAN_TensorFlow/input/adult2child/childlike/childlike_jumping375_2.csv
./CycleGAN_TensorFlow/input/adult2child/old/old_fast_walking215_4.csv,./CycleGAN_TensorFlow/input/adult2child/childlike/childlike_fast_walking177_6.csv
./CycleGAN_TensorFlow/input/adult2child/old/old_normal_walking23_5.csv,./CycleGAN_TensorFlow/input/adult2child/childlike/childlike_fast_walking151_5.csv
./CycleGAN_TensorFlow/input/adult2child/old/old_kicking530_2.csv,./CycleGAN_TensorFlow/input/adult2child/childlike/childlike_kicking486_4.csv
./CycleGAN_TensorFlow/input/adult2child/old/old_transitions558_2.csv,./CycleGAN_TensorFlow/input/adult2child/childlike/childlike_jumping355_7.csv
./CycleGAN_TensorFlow/input/adult2child/old/old_fast_walking217_6.csv,./CycleGAN_TensorFlow/input/adult2child/childlike/childlike_running282_7.csv
./CycleGAN_TensorFlow/input/adult2child/old/old_normal_walking99_7.csv,./CycleGAN_TensorFlow/input/adult2child/childlike/childlike_fast_walking153_7.csv
./CycleGAN_TensorFlow/input/adult2child/old/old_fast_walking274_5.csv,./CycleGAN_TensorFlow/input/adult2child/childlike/childlike_normal_walking63_2.csv
./CycleGAN_TensorFlow/input/adult2child/old/old_normal_walking21_7.csv,./CycleGAN_TensorFlow/input/adult2child/childlike/childlike_normal_walking63_3.csv
./CycleGAN_TensorFlow/input/adult2child/old/old_normal_walking23_18.csv,./CycleGAN_TensorFlow/input/adult2child/childlike/childlike_fast_walking153_6.csv
./CycleGAN_TensorFlow/input/adult2child/old/old_normal_walking23_19.csv,./CycleGAN_TensorFlow/input/adult2child/childlike/childlike_jumping355_6.csv
./CycleGAN_TensorFlow/input/adult2child/old/old_transitions545_6.csv,./CycleGAN_TensorFlow/input/adult2child/childlike/childlike_running282_6.csv
./CycleGAN_TensorFlow/input/adult2child/old/old_normal_walking21_6.csv,./CycleGAN_TensorFlow/input/adult2child/childlike/childlike_kicking486_5.csv
./CycleGAN_TensorFlow/input/adult2child/old/old_fast_walking274_4.csv,./CycleGAN_TensorFlow/input/adult2child/childlike/childlike_fast_walking151_4.csv
./CycleGAN_TensorFlow/input/adult2child/old/old_fast_walking217_7.csv,./CycleGAN_TensorFlow/input/adult2child/childlike/childlike_fast_walking177_7.csv
./CycleGAN_TensorFlow/input/adult2child/old/old_normal_walking99_6.csv,./CycleGAN_TensorFlow/input/adult2child/childlike/childlike_jumping375_3.csv
./CycleGAN_TensorFlow/input/adult2child/old/old_kicking530_3.csv,./CycleGAN_TensorFlow/input/adult2child/childlike/childlike_fast_walking228_4.csv
./CycleGAN_TensorFlow/input/adult2child/old/old_normal_walking23_4.csv,./CycleGAN_TensorFlow/input/adult2child/childlike/childlike_punching398_6.csv
./CycleGAN_TensorFlow/input/adult2child/old/old_fast_walking215_5.csv,./CycleGAN_TensorFlow/input/adult2child/childlike/childlike_fast_walking151_11.csv
./CycleGAN_TensorFlow/input/adult2child/old/old_kicking532_1.csv,./CycleGAN_TensorFlow/input/adult2child/childlike/childlike_normal_walking8_12.csv
./CycleGAN_TensorFlow/input/adult2child/old/old_running299_9.csv,./CycleGAN_TensorFlow/input/adult2child/childlike/childlike_fast_walking249_5.csv
./CycleGAN_TensorFlow/input/adult2child/old/old_fast_walking191_5.csv,./CycleGAN_TensorFlow/input/adult2child/childlike/childlike_normal_walking38_14.csv
./CycleGAN_TensorFlow/input/adult2child/old/old_punching429_6.csv,./CycleGAN_TensorFlow/input/adult2child/childlike/childlike_normal_walking8_1.csv
./CycleGAN_TensorFlow/input/adult2child/old/old_running297_6.csv,./CycleGAN_TensorFlow/input/adult2child/childlike/childlike_normal_walking8_3.csv
./CycleGAN_TensorFlow/input/adult2child/old/old_normal_walking21_20.csv,./CycleGAN_TensorFlow/input/adult2child/childlike/childlike_normal_walking8_10.csv
./CycleGAN_TensorFlow/input/adult2child/old/old_fast_walking192_11.csv,./CycleGAN_TensorFlow/input/adult2child/childlike/childlike_punching398_4.csv
./CycleGAN_TensorFlow/input/adult2child/old/old_fast_walking193_7.csv,./CycleGAN_TensorFlow/input/adult2child/childlike/childlike_fast_walking151_13.csv
./CycleGAN_TensorFlow/input/adult2child/old/old_normal_walking121_7.csv,./CycleGAN_TensorFlow/input/adult2child/childlike/childlike_normal_walking109_8.csv
./CycleGAN_TensorFlow/input/adult2child/old/old_jumping364_7.csv,./CycleGAN_TensorFlow/input/adult2child/childlike/childlike_fast_walking228_6.csv
./CycleGAN_TensorFlow/input/adult2child/old/old_normal_walking142_4.csv,./CycleGAN_TensorFlow/input/adult2child/childlike/childlike_jumping375_1.csv
./CycleGAN_TensorFlow/input/adult2child/old/old_fast_walking237_2.csv,./CycleGAN_TensorFlow/input/adult2child/childlike/childlike_running284_2.csv
./CycleGAN_TensorFlow/input/adult2child/old/old_jumping384_2.csv,./CycleGAN_TensorFlow/input/adult2child/childlike/childlike_jumping353_2.csv
./CycleGAN_TensorFlow/input/adult2child/old/old_normal_walking100_5.csv,./CycleGAN_TensorFlow/input/adult2child/childlike/childlike_fast_walking151_6.csv
./CycleGAN_TensorFlow/input/adult2child/old/old_jumping363_6.csv,./CycleGAN_TensorFlow/input/adult2child/childlike/childlike_fast_walking177_5.csv
./CycleGAN_TensorFlow/input/adult2child/old/old_kicking531_4.csv,./CycleGAN_TensorFlow/input/adult2child/childlike/childlike_running282_4.csv
./CycleGAN_TensorFlow/input/adult2child/old/old_punching408_4.csv,./CycleGAN_TensorFlow/input/adult2child/childlike/childlike_jumping355_4.csv
./CycleGAN_TensorFlow/input/adult2child/old/old_normal_walking51_13.csv,./CycleGAN_TensorFlow/input/adult2child/childlike/childlike_normal_walking37_9.csv
./CycleGAN_TensorFlow/input/adult2child/old/old_normal_walking22_3.csv,./CycleGAN_TensorFlow/input/adult2child/childlike/childlike_fast_walking153_4.csv
./CycleGAN_TensorFlow/input/adult2child/old/old_normal_walking22_16.csv,./CycleGAN_TensorFlow/input/adult2child/childlike/childlike_normal_walking63_1.csv
./CycleGAN_TensorFlow/input/adult2child/old/old_normal_walking74_9.csv,./CycleGAN_TensorFlow/input/adult2child/childlike/childlike_kicking484_5.csv
./CycleGAN_TensorFlow/input/adult2child/old/old_normal_walking122_2.csv,./CycleGAN_TensorFlow/input/adult2child/childlike/childlike_kicking484_4.csv
./CycleGAN_TensorFlow/input/adult2child/old/old_normal_walking53_16.csv,./CycleGAN_TensorFlow/input/adult2child/childlike/childlike_fast_walking153_5.csv
./CycleGAN_TensorFlow/input/adult2child/old/old_punching428_1.csv,./CycleGAN_TensorFlow/input/adult2child/childlike/childlike_normal_walking37_8.csv
./CycleGAN_TensorFlow/input/adult2child/old/old_fast_walking257_4.csv,./CycleGAN_TensorFlow/input/adult2child/childlike/childlike_running282_5.csv
./CycleGAN_TensorFlow/input/adult2child/old/old_normal_walking141_1.csv,./CycleGAN_TensorFlow/input/adult2child/childlike/childlike_jumping355_5.csv
./CycleGAN_TensorFlow/input/adult2child/old/old_fast_walking165_11.csv,./CycleGAN_TensorFlow/input/adult2child/childlike/childlike_fast_walking177_4.csv
./CycleGAN_TensorFlow/input/adult2child/old/old_fast_walking190_2.csv,./CycleGAN_TensorFlow/input/adult2child/childlike/childlike_fast_walking151_7.csv
./CycleGAN_TensorFlow/input/adult2child/old/old_fast_walking192_1.csv,./CycleGAN_TensorFlow/input/adult2child/childlike/childlike_running284_3.csv
./CycleGAN_TensorFlow/input/adult2child/old/old_jumping385_4.csv,./CycleGAN_TensorFlow/input/adult2child/childlike/childlike_jumping353_3.csv
./CycleGAN_TensorFlow/input/adult2child/old/old_jumping365_1.csv,./CycleGAN_TensorFlow/input/adult2child/childlike/childlike_fast_walking151_12.csv
./CycleGAN_TensorFlow/input/adult2child/old/old_fast_walking190_3.csv,./CycleGAN_TensorFlow/input/adult2child/childlike/childlike_normal_walking6_14.csv
./CycleGAN_TensorFlow/input/adult2child/old/old_fast_walking165_10.csv,./CycleGAN_TensorFlow/input/adult2child/childlike/childlike_punching398_5.csv
./CycleGAN_TensorFlow/input/adult2child/old/old_normal_walking53_17.csv,./CycleGAN_TensorFlow/input/adult2child/childlike/childlike_normal_walking8_11.csv
./CycleGAN_TensorFlow/input/adult2child/old/old_normal_walking122_3.csv,./CycleGAN_TensorFlow/input/adult2child/childlike/childlike_fast_walking249_6.csv
./CycleGAN_TensorFlow/input/adult2child/old/old_fast_walking257_5.csv,./CycleGAN_TensorFlow/input/adult2child/childlike/childlike_normal_walking8_2.csv
./CycleGAN_TensorFlow/input/adult2child/old/old_normal_walking22_17.csv,./CycleGAN_TensorFlow/input/adult2child/childlike/childlike_fast_punching462_4.csv
./CycleGAN_TensorFlow/input/adult2child/old/old_normal_walking74_8.csv,./CycleGAN_TensorFlow/input/adult2child/childlike/childlike_fast_walking202_4.csv
./CycleGAN_TensorFlow/input/adult2child/old/old_normal_walking22_2.csv,./CycleGAN_TensorFlow/input/adult2child/childlike/childlike_normal_walking109_4.csv
./CycleGAN_TensorFlow/input/adult2child/old/old_punching408_5.csv,./CycleGAN_TensorFlow/input/adult2child/childlike/childlike_normal_walking89_3.csv
./CycleGAN_TensorFlow/input/adult2child/old/old_normal_walking51_12.csv,./CycleGAN_TensorFlow/input/adult2child/childlike/childlike_fast_punching438_3.csv
./CycleGAN_TensorFlow/input/adult2child/old/old_kicking531_5.csv,./CycleGAN_TensorFlow/input/adult2child/childlike/childlike_normal_walking132_2.csv
./CycleGAN_TensorFlow/input/adult2child/old/old_jumping363_7.csv,./CycleGAN_TensorFlow/input/adult2child/childlike/childlike_normal_walking37_5.csv
./CycleGAN_TensorFlow/input/adult2child/old/old_fast_walking216_1.csv,./CycleGAN_TensorFlow/input/adult2child/childlike/childlike_jumping355_8.csv
./CycleGAN_TensorFlow/input/adult2child/old/old_normal_walking100_4.csv,./CycleGAN_TensorFlow/input/adult2child/childlike/childlike_jumping376_10.csv
./CycleGAN_TensorFlow/input/adult2child/old/old_fast_walking216_3.csv,./CycleGAN_TensorFlow/input/adult2child/childlike/childlike_fast_punching440_3.csv
./CycleGAN_TensorFlow/input/adult2child/old/old_jumping363_5.csv,./CycleGAN_TensorFlow/input/adult2child/childlike/childlike_running310_3.csv
./CycleGAN_TensorFlow/input/adult2child/old/old_normal_walking100_6.csv,./CycleGAN_TensorFlow/input/adult2child/childlike/childlike_punching418_4.csv
./CycleGAN_TensorFlow/input/adult2child/old/old_normal_walking76_8.csv,./CycleGAN_TensorFlow/input/adult2child/childlike/childlike_fast_walking153_8.csv
./CycleGAN_TensorFlow/input/adult2child/old/old_normal_walking51_10.csv,./CycleGAN_TensorFlow/input/adult2child/childlike/childlike_fast_walking204_2.csv
./CycleGAN_TensorFlow/input/adult2child/old/old_kicking533_5.csv,./CycleGAN_TensorFlow/input/adult2child/childlike/childlike_kicking516_2.csv
./CycleGAN_TensorFlow/input/adult2child/old/old_fast_walking165_8.csv,./CycleGAN_TensorFlow/input/adult2child/childlike/childlike_running312_1.csv
./CycleGAN_TensorFlow/input/adult2child/old/old_normal_walking22_15.csv,./CycleGAN_TensorFlow/input/adult2child/childlike/childlike_fast_walking267_1.csv
./CycleGAN_TensorFlow/input/adult2child/old/old_normal_walking52_9.csv,./CycleGAN_TensorFlow/input/adult2child/childlike/childlike_kicking516_3.csv
./CycleGAN_TensorFlow/input/adult2child/old/old_fast_walking165_12.csv,./CycleGAN_TensorFlow/input/adult2child/childlike/childlike_fast_walking204_3.csv
./CycleGAN_TensorFlow/input/adult2child/old/old_normal_walking141_2.csv,./CycleGAN_TensorFlow/input/adult2child/childlike/childlike_punching418_5.csv
./CycleGAN_TensorFlow/input/adult2child/old/old_punching428_2.csv,./CycleGAN_TensorFlow/input/adult2child/childlike/childlike_fast_walking153_9.csv
./CycleGAN_TensorFlow/input/adult2child/old/old_fast_walking257_7.csv,./CycleGAN_TensorFlow/input/adult2child/childlike/childlike_fast_punching440_2.csv
./CycleGAN_TensorFlow/input/adult2child/old/old_normal_walking122_1.csv,./CycleGAN_TensorFlow/input/adult2child/childlike/childlike_running310_2.csv
./CycleGAN_TensorFlow/input/adult2child/old/old_normal_walking53_15.csv,./CycleGAN_TensorFlow/input/adult2child/childlike/childlike_running336_1.csv
./CycleGAN_TensorFlow/input/adult2child/old/old_fast_walking190_1.csv,./CycleGAN_TensorFlow/input/adult2child/childlike/childlike_kicking514_1.csv
./CycleGAN_TensorFlow/input/adult2child/old/old_jumping365_3.csv,./CycleGAN_TensorFlow/input/adult2child/childlike/childlike_jumping376_11.csv
./CycleGAN_TensorFlow/input/adult2child/old/old_jumping385_6.csv,./CycleGAN_TensorFlow/input/adult2child/childlike/childlike_jumping355_9.csv
./CycleGAN_TensorFlow/input/adult2child/old/old_fast_walking192_3.csv,./CycleGAN_TensorFlow/input/adult2child/childlike/childlike_normal_walking37_4.csv
./CycleGAN_TensorFlow/input/adult2child/old/old_fast_walking192_2.csv,./CycleGAN_TensorFlow/input/adult2child/childlike/childlike_fast_walking177_8.csv
./CycleGAN_TensorFlow/input/adult2child/old/old_jumping385_7.csv,./CycleGAN_TensorFlow/input/adult2child/childlike/childlike_normal_walking132_3.csv
./CycleGAN_TensorFlow/input/adult2child/old/old_jumping365_2.csv,./CycleGAN_TensorFlow/input/adult2child/childlike/childlike_fast_punching438_2.csv
./CycleGAN_TensorFlow/input/adult2child/old/old_fast_walking257_6.csv,./CycleGAN_TensorFlow/input/adult2child/childlike/childlike_normal_walking89_2.csv
./CycleGAN_TensorFlow/input/adult2child/old/old_punching428_3.csv,./CycleGAN_TensorFlow/input/adult2child/childlike/childlike_normal_walking109_5.csv
./CycleGAN_TensorFlow/input/adult2child/old/old_normal_walking53_14.csv,./CycleGAN_TensorFlow/input/adult2child/childlike/childlike_fast_punching462_5.csv
./CycleGAN_TensorFlow/input/adult2child/old/old_fast_walking165_13.csv,./CycleGAN_TensorFlow/input/adult2child/childlike/childlike_fast_walking202_5.csv
./CycleGAN_TensorFlow/input/adult2child/old/old_normal_walking141_3.csv,./CycleGAN_TensorFlow/input/adult2child/childlike/childlike_normal_walking6_1.csv
./CycleGAN_TensorFlow/input/adult2child/old/old_normal_walking22_1.csv,./CycleGAN_TensorFlow/input/adult2child/childlike/childlike_punching396_4.csv
./CycleGAN_TensorFlow/input/adult2child/old/old_normal_walking52_8.csv,./CycleGAN_TensorFlow/input/adult2child/childlike/childlike_normal_walking6_3.csv
./CycleGAN_TensorFlow/input/adult2child/old/old_normal_walking22_14.csv,./CycleGAN_TensorFlow/input/adult2child/childlike/childlike_normal_walking109_7.csv
./CycleGAN_TensorFlow/input/adult2child/old/old_fast_walking165_9.csv,./CycleGAN_TensorFlow/input/adult2child/childlike/childlike_normal_walking132_1.csv
./CycleGAN_TensorFlow/input/adult2child/old/old_kicking533_4.csv,./CycleGAN_TensorFlow/input/adult2child/childlike/childlike_fast_punching460_5.csv
./CycleGAN_TensorFlow/input/adult2child/old/old_normal_walking51_11.csv,./CycleGAN_TensorFlow/input/adult2child/childlike/childlike_fast_walking151_9.csv
./CycleGAN_TensorFlow/input/adult2child/old/old_punching408_6.csv,./CycleGAN_TensorFlow/input/adult2child/childlike/childlike_normal_walking37_6.csv
./CycleGAN_TensorFlow/input/adult2child/old/old_normal_walking76_9.csv,./CycleGAN_TensorFlow/input/adult2child/childlike/childlike_kicking514_3.csv
./CycleGAN_TensorFlow/input/adult2child/old/old_normal_walking100_7.csv,./CycleGAN_TensorFlow/input/adult2child/childlike/childlike_running336_3.csv
./CycleGAN_TensorFlow/input/adult2child/old/old_jumping363_4.csv,./CycleGAN_TensorFlow/input/adult2child/childlike/childlike_fast_walking267_2.csv
./CycleGAN_TensorFlow/input/adult2child/old/old_fast_walking216_2.csv,./CycleGAN_TensorFlow/input/adult2child/childlike/childlike_fast_walking204_1.csv
./CycleGAN_TensorFlow/input/adult2child/old/old_kicking531_2.csv,./CycleGAN_TensorFlow/input/adult2child/childlike/childlike_kicking516_1.csv
./CycleGAN_TensorFlow/input/adult2child/old/old_fast_walking216_6.csv,./CycleGAN_TensorFlow/input/adult2child/childlike/childlike_fast_walking267_3.csv
./CycleGAN_TensorFlow/input/adult2child/old/old_normal_walking100_3.csv,./CycleGAN_TensorFlow/input/adult2child/childlike/childlike_running312_3.csv
./CycleGAN_TensorFlow/input/adult2child/old/old_punching408_2.csv,./CycleGAN_TensorFlow/input/adult2child/childlike/childlike_punching418_6.csv
./CycleGAN_TensorFlow/input/adult2child/old/old_normal_walking51_15.csv,./CycleGAN_TensorFlow/input/adult2child/childlike/childlike_running336_2.csv
./CycleGAN_TensorFlow/input/adult2child/old/old_normal_walking22_10.csv,./CycleGAN_TensorFlow/input/adult2child/childlike/childlike_kicking514_2.csv
./CycleGAN_TensorFlow/input/adult2child/old/old_normal_walking22_5.csv,./CycleGAN_TensorFlow/input/adult2child/childlike/childlike_running310_1.csv
./CycleGAN_TensorFlow/input/adult2child/old/old_normal_walking141_7.csv,./CycleGAN_TensorFlow/input/adult2child/childlike/childlike_fast_punching440_1.csv
./CycleGAN_TensorFlow/input/adult2child/old/old_normal_walking122_4.csv,./CycleGAN_TensorFlow/input/adult2child/childlike/childlike_normal_walking37_7.csv
./CycleGAN_TensorFlow/input/adult2child/old/old_normal_walking53_10.csv,./CycleGAN_TensorFlow/input/adult2child/childlike/childlike_fast_walking151_8.csv
./CycleGAN_TensorFlow/input/adult2child/old/old_punching428_7.csv,./CycleGAN_TensorFlow/input/adult2child/childlike/childlike_fast_punching460_4.csv
./CycleGAN_TensorFlow/input/adult2child/old/old_fast_walking257_2.csv,./CycleGAN_TensorFlow/input/adult2child/childlike/childlike_normal_walking89_1.csv
./CycleGAN_TensorFlow/input/adult2child/old/old_fast_walking190_4.csv,./CycleGAN_TensorFlow/input/adult2child/childlike/childlike_fast_punching438_1.csv
./CycleGAN_TensorFlow/input/adult2child/old/old_running298_8.csv,./CycleGAN_TensorFlow/input/adult2child/childlike/childlike_normal_walking109_6.csv
./CycleGAN_TensorFlow/input/adult2child/old/old_jumping385_3.csv,./CycleGAN_TensorFlow/input/adult2child/childlike/childlike_fast_walking202_6.csv
./CycleGAN_TensorFlow/input/adult2child/old/old_jumping365_6.csv,./CycleGAN_TensorFlow/input/adult2child/childlike/childlike_normal_walking6_2.csv
./CycleGAN_TensorFlow/input/adult2child/old/old_fast_walking192_6.csv,./CycleGAN_TensorFlow/input/adult2child/childlike/childlike_punching396_5.csv
./CycleGAN_TensorFlow/input/adult2child/old/old_fast_walking192_7.csv,./CycleGAN_TensorFlow/input/adult2child/childlike/childlike_punching396_1.csv
./CycleGAN_TensorFlow/input/adult2child/old/old_jumping365_7.csv,./CycleGAN_TensorFlow/input/adult2child/childlike/childlike_normal_walking8_9.csv
./CycleGAN_TensorFlow/input/adult2child/old/old_jumping385_2.csv,./CycleGAN_TensorFlow/input/adult2child/childlike/childlike_fast_punching462_2.csv
./CycleGAN_TensorFlow/input/adult2child/old/old_fast_walking190_5.csv,./CycleGAN_TensorFlow/input/adult2child/childlike/childlike_fast_walking202_2.csv
./CycleGAN_TensorFlow/input/adult2child/old/old_normal_walking53_11.csv,./CycleGAN_TensorFlow/input/adult2child/childlike/childlike_normal_walking6_6.csv
./CycleGAN_TensorFlow/input/adult2child/old/old_normal_walking122_5.csv,./CycleGAN_TensorFlow/input/adult2child/childlike/childlike_normal_walking89_5.csv
./CycleGAN_TensorFlow/input/adult2child/old/old_fast_walking257_3.csv,./CycleGAN_TensorFlow/input/adult2child/childlike/childlike_normal_walking109_2.csv
./CycleGAN_TensorFlow/input/adult2child/old/old_punching428_6.csv,./CycleGAN_TensorFlow/input/adult2child/childlike/childlike_jumping353_8.csv
./CycleGAN_TensorFlow/input/adult2child/old/old_normal_walking141_6.csv,./CycleGAN_TensorFlow/input/adult2child/childlike/childlike_normal_walking132_4.csv
./CycleGAN_TensorFlow/input/adult2child/old/old_normal_walking22_4.csv,./CycleGAN_TensorFlow/input/adult2child/childlike/childlike_normal_walking37_3.csv
./CycleGAN_TensorFlow/input/adult2child/old/old_normal_walking22_11.csv,./CycleGAN_TensorFlow/input/adult2child/childlike/childlike_punching418_2.csv
./CycleGAN_TensorFlow/input/adult2child/old/old_punching408_3.csv,./CycleGAN_TensorFlow/input/adult2child/childlike/childlike_fast_walking204_4.csv
./CycleGAN_TensorFlow/input/adult2child/old/old_normal_walking51_14.csv,./CycleGAN_TensorFlow/input/adult2child/childlike/childlike_kicking516_5.csv
./CycleGAN_TensorFlow/input/adult2child/old/old_kicking533_1.csv,./CycleGAN_TensorFlow/input/adult2child/childlike/childlike_fast_walking204_5.csv
./CycleGAN_TensorFlow/input/adult2child/old/old_normal_walking100_2.csv,./CycleGAN_TensorFlow/input/adult2child/childlike/childlike_fast_walking267_6.csv
./CycleGAN_TensorFlow/input/adult2child/old/old_jumping363_1.csv,./CycleGAN_TensorFlow/input/adult2child/childlike/childlike_punching418_3.csv
./CycleGAN_TensorFlow/input/adult2child/old/old_fast_walking216_7.csv,./CycleGAN_TensorFlow/input/adult2child/childlike/childlike_normal_walking37_2.csv
./CycleGAN_TensorFlow/input/adult2child/old/old_kicking531_3.csv,./CycleGAN_TensorFlow/input/adult2child/childlike/childlike_fast_punching440_4.csv
./CycleGAN_TensorFlow/input/adult2child/old/old_kicking531_1.csv,./CycleGAN_TensorFlow/input/adult2child/childlike/childlike_normal_walking132_5.csv
./CycleGAN_TensorFlow/input/adult2child/old/old_fast_walking216_5.csv,./CycleGAN_TensorFlow/input/adult2child/childlike/childlike_jumping353_9.csv
./CycleGAN_TensorFlow/input/adult2child/old/old_jumping363_3.csv,./CycleGAN_TensorFlow/input/adult2child/childlike/childlike_transitions553_2.csv
./CycleGAN_TensorFlow/input/adult2child/old/old_kicking533_3.csv,./CycleGAN_TensorFlow/input/adult2child/childlike/childlike_fast_punching460_1.csv
./CycleGAN_TensorFlow/input/adult2child/old/old_punching408_1.csv,./CycleGAN_TensorFlow/input/adult2child/childlike/childlike_normal_walking109_3.csv
./CycleGAN_TensorFlow/input/adult2child/old/old_normal_walking22_6.csv,./CycleGAN_TensorFlow/input/adult2child/childlike/childlike_normal_walking89_4.csv
./CycleGAN_TensorFlow/input/adult2child/old/old_normal_walking22_13.csv,./CycleGAN_TensorFlow/input/adult2child/childlike/childlike_fast_punching438_4.csv
./CycleGAN_TensorFlow/input/adult2child/old/old_fast_walking257_1.csv,./CycleGAN_TensorFlow/input/adult2child/childlike/childlike_normal_walking6_7.csv
./CycleGAN_TensorFlow/input/adult2child/old/old_normal_walking122_7.csv,./CycleGAN_TensorFlow/input/adult2child/childlike/childlike_fast_punching462_3.csv
./CycleGAN_TensorFlow/input/adult2child/old/old_normal_walking53_13.csv,./CycleGAN_TensorFlow/input/adult2child/childlike/childlike_fast_walking202_3.csv
./CycleGAN_TensorFlow/input/adult2child/old/old_normal_walking141_4.csv,./CycleGAN_TensorFlow/input/adult2child/childlike/childlike_normal_walking8_8.csv
./CycleGAN_TensorFlow/input/adult2child/old/old_fast_walking190_7.csv,./CycleGAN_TensorFlow/input/adult2child/childlike/childlike_punching396_2.csv
./CycleGAN_TensorFlow/input/adult2child/old/old_normal_walking54_9.csv,./CycleGAN_TensorFlow/input/adult2child/childlike/childlike_fast_walking202_1.csv
./CycleGAN_TensorFlow/input/adult2child/old/old_fast_walking163_8.csv,./CycleGAN_TensorFlow/input/adult2child/childlike/childlike_fast_punching462_1.csv
./CycleGAN_TensorFlow/input/adult2child/old/old_jumping365_5.csv,./CycleGAN_TensorFlow/input/adult2child/childlike/childlike_normal_walking6_5.csv
./CycleGAN_TensorFlow/input/adult2child/old/old_fast_walking192_5.csv,./CycleGAN_TensorFlow/input/adult2child/childlike/childlike_normal_walking89_6.csv
./CycleGAN_TensorFlow/input/adult2child/old/old_fast_walking192_4.csv,./CycleGAN_TensorFlow/input/adult2child/childlike/childlike_normal_walking109_1.csv
./CycleGAN_TensorFlow/input/adult2child/old/old_jumping365_4.csv,./CycleGAN_TensorFlow/input/adult2child/childlike/childlike_fast_punching460_3.csv
./CycleGAN_TensorFlow/input/adult2child/old/old_jumping385_1.csv,./CycleGAN_TensorFlow/input/adult2child/childlike/childlike_normal_walking132_7.csv
./CycleGAN_TensorFlow/input/adult2child/old/old_fast_walking163_9.csv,./CycleGAN_TensorFlow/input/adult2child/childlike/childlike_jumping375_8.csv
./CycleGAN_TensorFlow/input/adult2child/old/old_normal_walking54_8.csv,./CycleGAN_TensorFlow/input/adult2child/childlike/childlike_jumping374_10.csv
./CycleGAN_TensorFlow/input/adult2child/old/old_fast_walking190_6.csv,./CycleGAN_TensorFlow/input/adult2child/childlike/childlike_kicking514_5.csv
./CycleGAN_TensorFlow/input/adult2child/old/old_normal_walking141_5.csv,./CycleGAN_TensorFlow/input/adult2child/childlike/childlike_punching418_1.csv
./CycleGAN_TensorFlow/input/adult2child/old/old_punching428_5.csv,./CycleGAN_TensorFlow/input/adult2child/childlike/childlike_fast_walking267_4.csv
./CycleGAN_TensorFlow/input/adult2child/old/old_normal_walking53_12.csv,./CycleGAN_TensorFlow/input/adult2child/childlike/childlike_running312_4.csv
./CycleGAN_TensorFlow/input/adult2child/old/old_normal_walking122_6.csv,./CycleGAN_TensorFlow/input/adult2child/childlike/childlike_fast_walking267_5.csv
./CycleGAN_TensorFlow/input/adult2child/old/old_normal_walking22_12.csv,./CycleGAN_TensorFlow/input/adult2child/childlike/childlike_fast_walking204_6.csv
./CycleGAN_TensorFlow/input/adult2child/old/old_normal_walking22_7.csv,./CycleGAN_TensorFlow/input/adult2child/childlike/childlike_normal_walking37_1.csv
./CycleGAN_TensorFlow/input/adult2child/old/old_kicking533_2.csv,./CycleGAN_TensorFlow/input/adult2child/childlike/childlike_running336_4.csv
./CycleGAN_TensorFlow/input/adult2child/old/old_jumping363_2.csv,./CycleGAN_TensorFlow/input/adult2child/childlike/childlike_kicking514_4.csv
./CycleGAN_TensorFlow/input/adult2child/old/old_fast_walking216_4.csv,./CycleGAN_TensorFlow/input/adult2child/childlike/childlike_jumping375_9.csv
./CycleGAN_TensorFlow/input/adult2child/old/old_normal_walking100_1.csv,./CycleGAN_TensorFlow/input/adult2child/childlike/childlike_normal_walking132_6.csv
./CycleGAN_TensorFlow/input/adult2child/old/old_running326_4.csv,./CycleGAN_TensorFlow/input/adult2child/childlike/childlike_transitions553_1.csv
